route_id,route_no,route_type,start_stop,end_stop,term_min,first_bus,last_bus,corp
100100124,0017,branch,용산차고지,신용산역3번출구,13,0500,2315,보광교통
100100001,01A,circular,예장주차장,예장주차장,9,0630,2300,북부운수
106000004,01B,circular,예장주차장,예장주차장,14,0630,2300,북부운수
104000014,040,trunk,용산공영차고지,개포동,15,0430,2240,대원여객
104000012,0411,branch,용산차고지,AT센터.양재꽃시장,14,0420,2230,대원여객
100100549,100,trunk,하계동,용산구청,10,0400,2230,한성여객
100100006,101,trunk,우이동,서소문,8,0400,2300,동아운수
100100129,1014,branch,성북생태체험관,종로구민회관숭인동,8,0500,2340,대진여객
100100130,1017,branch,월계동,상왕십리,15,0430,2320,한성여객
100100007,102,trunk,상계주공7단지,동대문,11,0400,2310,삼화상운
100100131,1020,branch,정릉,교보문고,9,0430,2320,대진여객
100100008,103,trunk,삼화상운,서울역,9,0430,2300,삼화상운
100100009,104,trunk,강북청소년수련관,서울역버스환승센터,8,0400,2315,선일교통
100100010,105,trunk,상계주공7단지,숭례문,11,0400,2240,흥안운수
100100012,107,trunk,민락동차고지,종로5가,12,0410,2230,대원여객
100100014,109,trunk,우이동,광화문,12,0427,2320,영신여객
100100016,110A고려대,trunk,정릉,정릉,9,0400,2240,대진여객
100100015,110B국민대,trunk,정릉,정릉,9,0405,2245,대진여객
104000009,111,trunk,민락동차고지,동대문,22,0410,2220,대원여객
100100132,1111,branch,번동,성북동,10,0420,2320,도원교통
107000007,1112,branch,정릉4동,성북동,12,0400,2300,도원교통
100100133,1113,branch,정릉,월곡동,15,0510,2340,대진여객
100100134,1114,branch,정릉,길음역,15,0500,2350,대진여객
100100566,1115,branch,수유중학교혜화여고,미아삼거리역,13,0530,0000,동아운수
107000001,1116,branch,국민대학교,미아삼거리역,18,0500,2330,대진여객
100100137,1119,branch,강북청소년수련관,녹천역,8,0440,2335,선일교통
100100138,1120,branch,하계동,삼양동입구,15,0430,2300,한성여객
100100425,1122,branch,석관동(상진운수종점),원자력병원,9,0400,2330,상진운수
100100139,1124,branch,수유역,미아삼거리역,14,0500,0000,한성운수
100100142,1126,branch,강북청소년수련관,안방학동,8,0425,2350,선일교통
100100143,1127,branch,수유역,도봉산,14,0500,2310,아진교통
100100144,1128,branch,도봉산,월곡동,12,0430,2250,아진교통
100100145,1129,branch,상계8동,창동역,25,0500,2330,삼화상운
100100146,1130,branch,청백아파트1단지,석계역,9,0500,0010,삼화상운
100100147,1131,branch,중계본동,석계역,17,0500,2350,흥안운수
100100148,1132,branch,월계동,노원역,8,0430,2350,진아교통
100100149,1133,branch,염광고교(수유),염광고교(석계),12,0500,2340,삼화상운
100100150,1135,branch,월계동,은행사거리,10,0430,2340,진아교통
100100151,1136,branch,월계동(E마트),원자력병원,15,0500,0000,진아교통
100100152,1137,branch,상계동,미아사거리,11,0430,2310,삼화상운
100100153,1138,branch,상계4동,수유역,15,0430,2340,삼화상운
100100154,1139,branch,상계4동,방학3동주민센터,13,0420,2330,흥안운수
100100155,1140,branch,중계동,광운대,21,0500,0000,삼화상운
100100156,1141,branch,중계본동종점,석계역,16,0500,2350,흥안운수
100100157,1142,branch,중계본동,창동역,8,0500,0000,흥안운수
100100158,1143,branch,중계본동,수락리버시티,13,0430,2320,서울교통네트웍
100100159,1144,branch,하계동,우이동,14,0440,2340,한성여객
100100164,1154,branch,하계동,신곡동,15,0430,2320,한성여객
100100170,1162,branch,구민회관,보문역,10,0500,2340,대진여객
100100171,1164,branch,서경대,길음전철역,6,0500,2350,도원교통
100100172,1165,branch,화계사,미아삼거리역,8,0430,2330,동아운수
108000002,1167,branch,우이동,은행사거리,10,0445,2330,영신여객
100100017,120,trunk,우이동,청량리,6,0425,2310,영신여객
100100583,121,trunk,화계사,서울숲,8,0400,2230,동아운수
100100175,1213,branch,용마문화복지센터,국민대학교,12,0420,2300,경성여객
100100177,1218,branch,수유역,답십리,11,0410,2250,한성운수
100100178,1221,branch,중계동,서울의료원,20,0430,2330,흥안운수
100100179,1222,branch,월계동,고대앞,10,0400,2320,진아교통
100100181,1224,branch,상계동,청량리,7,0430,2320,삼화상운
100100183,1226,branch,월곡중학교,경동시장,36,0430,2240,흥안운수
100100184,1227,branch,하계동,제기동,10,0430,2320,한성여객
100100018,130,trunk,우이동,길동,8,0420,2250,삼양교통
100100019,140,trunk,도봉산역,AT센터,7,0400,2250,한국BRT
100100020,141,trunk,도봉산,염곡동,11,0400,2240,아진교통
100100021,142,trunk,도봉산,방배동,9,0400,2245,아진교통
100100022,143,trunk,정릉,개포동,6,0400,2210,대진여객
100100023,144,trunk,우이동,교대,8,0430,2250,삼양교통
100100024,145,trunk,번동,강남역,8,0400,2240,한성운수
100100025,146,trunk,상계주공7단지,강남역,7,0405,2300,삼화상운
100100026,147,trunk,월계동,도곡동,9,0400,2210,진아교통
100100027,148,trunk,번동,방배동,8,0400,2240,한성운수
100100029,150,trunk,도봉산역,시흥대교,8,0357,2200,서울교통네트웍
100100030,151,trunk,우이동,중앙대,7,0400,2250,동아운수
100100031,152,trunk,화계사,삼막사사거리,7,0400,2200,동아운수
100100033,160,trunk,도봉산역광역환승센터,온수동종점,8,0357,2210,서울교통네트웍
100100034,162,trunk,정릉,여의도,8,0400,2250,대진여객
100100032,163,trunk,우이동,대방역,7,0400,2230,동아운수
100100036,171,trunk,국민대앞,월드컵파크7단지,9,0400,2300,도원교통
100100185,1711,branch,국민대,공덕동,7,0430,2300,도원교통
100100037,172,trunk,하계동,상암동,11,0400,2245,한성여객
110000002,173,trunk,월계동,신촌기차역,11,0400,2250,삼화상운
100100038,201,trunk,수택동차고지,서울역환승센터,15,0400,0000,대원여객
100100186,2012,branch,중랑공영차고지,동대문역사문화공원,11,0400,2240,상진운수
100100188,2013,branch,용마문화복지센터,신당역,13,0420,2250,경성여객
100100189,2014,branch,성수동,동대문역사문화공원,12,0420,2330,태진운수
100100190,2015,branch,중랑공영차고지,동대문운동장,8,0430,2310,대원교통
100100522,2016,branch,중랑공영차고지,이촌2동,11,0410,2220,대원교통
100100039,202,trunk,불암동,후암동,8,0400,2200,태릉교통
100100191,2112,branch,면목동,성북동,14,0430,2240,북부운수
100100192,2113,branch,중랑공영차고지,석계역,10,0530,2330,보광운수
100100193,2114,branch,중랑공영차고지,태릉시장,12,0530,2330,보광운수
100100598,2115,branch,중랑공영차고지,서경대입구,8,0400,2250,도원교통
110000009,2155,branch,불암동,장위동,10,0410,2250,태릉교통
100100194,2211,branch,면목동,회기역,6,0440,2325,북부운수
100100166,2212,branch,불암동,면목동(서일대),14,0410,2240,태릉교통
100100198,2221,branch,자양동,신설동,11,0430,2315,신흥운수
100100199,2222,branch,자양동,고대앞,15,0430,2320,신흥운수
100100201,2224,branch,성수동,강변역,13,0410,2315,태진운수
100100202,2227,branch,중랑차고지,광장동,11,0420,2240,메트로버스
100100203,2230,branch,면목동,경동시장,8,0420,2300,북부운수
100100204,2233,branch,면목동,옥수동,15,0430,2240,북부운수
111000019,2236,branch,중랑차고지,신이문역,13,0500,2230,보광운수
100100599,2311,branch,중랑차고지,문정동,13,0400,2230,북부운수
106000008,2312A,branch,중랑차고지,강동차고지,10,0420,2230,대원여객
100100611,2312B,branch,강동차고지,중랑차고지,16,0430,2230,대원여객
100100407,240,trunk,중랑공영차고지,한강버스압구정선착장,13,0400,2230,대원교통
100100595,241,trunk,중랑공영차고지,논현역,10,0400,2230,대원교통
100100209,2412,branch,성수동,세곡동사거리,13,0400,2240,태진운수
100100210,2413,branch,성수동,개포동,15,0410,2310,태진운수
100100211,2415,branch,자양동,대치동,16,0430,2320,신흥운수
104000010,2416,branch,중랑공영차고지,삼성역,16,0430,2240,대원여객
104000006,242,trunk,중랑공영차고지,개포동,14,0400,2230,대원교통
100100042,260,trunk,중랑차고지,국회의사당역,10,0355,2240,메트로버스
100100043,261,trunk,석관동(상진운수종점),여의도,9,0350,2230,상진운수
100100044,262,trunk,중랑차고지,여의도,10,0400,2200,대원교통
100100046,270,trunk,상암차고지,망우리(양원역),10,0400,2220,다모아자동차
100100047,271,trunk,용마문화복지센터,월드컵파크7단지,6,0410,2220,경성여객
100100048,272,trunk,면목동,남가좌동,6,0415,2230,북부운수
100100049,273,trunk,중랑공영차고지,홍대입구역,7,0410,2230,메트로버스
100100051,301,trunk,장지공영차고지,혜화동,7,0400,2230,서울버스
100100438,3011,branch,장지공영차고지,한남동,11,0420,2250,서울버스
100100052,302,trunk,상대원차고지,상왕십리역,12,0400,2245,동성교통
100100053,303,trunk,상대원차고지,신설동역,9,0400,2220,동성교통
100100564,320,trunk,복정역환승센터,중랑구청,9,0400,2300,남성버스
100100212,3212,branch,강동차고지,강변역,14,0430,2330,서울승합
100100213,3214,branch,마천동,강변역,13,0440,2320,송파상운
100100215,3216,branch,오금동,경희대입구,13,0430,2240,신흥운수
100100216,3217,branch,송파차고지,어린이대공원,9,0430,2245,한서교통
100100218,3220,branch,오금동,청량리,17,0430,2240,신흥운수
100100219,3313,branch,복정역환승센터,잠실새내역,8,0425,2325,대성운수
100100220,3314,branch,장지공영차고지,종합운동장,10,0440,2320,송파상운
100100221,3315,branch,장지공영차고지,삼전동사회복지관,7,0430,2320,송파상운
100100222,3316,branch,마천동,천호역,12,0450,2330,송파상운
100100478,3317,branch,남한산성입구,잠실새내역,10,0430,2330,송파상운
100100498,3318,branch,강동차고지,마천동,12,0430,2310,송파상운
100100501,3319,branch,장지공영차고지,잠실역7번출구,17,0430,2330,진화운수
100100578,3321,branch,강동공영차고지,강동구청,14,0430,2340,송파상운
100100613,3322,branch,복정역환승센터,잠실종합운동장,11,0400,2320,한서교통
124000039,3323,branch,강동차고지,한강버스잠실선착장,15,0430,2240,대원여객
104000013,3324,branch,강동공영차고지,강동역,13,0420,2320,대원여객
100100496,333,trunk,복정역환승센터,올림픽공원,11,0400,2300,대성운수
100100055,340,trunk,강동공영차고지,강남역,7,0430,2310,서울승합
100100056,341,trunk,강동공영차고지,우면동,12,0430,2220,대원여객
100100223,3411,branch,강동차고지,한티역,11,0430,2310,서울승합
100100224,3412,branch,강동차고지,강남역,14,0400,2230,서울승합
100100225,3413,branch,강동차고지,수서경찰서,9,0420,2300,서울승합
100100226,3414,branch,오금동,개포동,13,0430,2240,신흥운수
100100228,3416,branch,마천동,은곡마을입구.리엔파크2단지,12,0440,2330,송파상운
100100229,3417,branch,장지공영차고지,삼성역,7,0430,2330,진화운수
124000038,342,trunk,강동공영차고지,압구정로데오역,11,0400,2230,서울승합
100100579,3420,branch,복정역환승센터,구반포역,12,0400,2230,동성교통
100100232,3422,branch,장지공영차고지,한티역,13,0420,2230,진화운수
100100612,3426,branch,서울버스종점,청담동,10,0420,2300,서울버스
107000002,343,trunk,복정역환승센터,압구정역,15,0400,2240,대성운수
124000036,345,trunk,복정역환승센터,구반포역,12,0400,2250,대성운수
100100553,350,trunk,복정역환승센터,노들역,12,0400,2230,한서교통
100100057,360,trunk,복정역환승센터,여의도환승센터,6,0400,2250,한국BRT
100100454,361,trunk,복정역환승센터,여의도,12,0400,2230,남성버스
100100061,370,trunk,강동공영차고지,충정로역,5,0400,2250,대원여객
100100596,400,trunk,염곡동,시청,11,0415,2225,삼성여객
100100062,401,trunk,장지공영차고지,서울역,11,0400,2230,서울버스
100100063,402,trunk,장지공영차고지,시청,9,0400,0005,진화운수
100100597,405,trunk,염곡동,시청앞,15,0410,2240,삼성여객
100100064,406,trunk,개포동,서울역,11,0400,2300,도선여객
100100068,420,trunk,개포동,청량리,9,0400,2250,도선여객
100100409,421,trunk,염곡동차고지,옥수동,9,0400,2210,삼성여객
100100604,4211,branch,염곡동차고지,행당중학교,13,0355,2300,대흥교통
100100234,4212,branch,남태령역,중곡역,8,0400,2300,우신운수
107000008,422,trunk,구미동차고지,중곡역,18,0430,2300,동성교통
100100500,4312,branch,개포동,가락1동주민센터,10,0430,2250,도선여객
100100237,4318,branch,남태령역,천호역,8,0400,2230,우신운수
100100427,4319,branch,남태령역,잠실역,10,0420,2300,우신운수
100100459,440,trunk,복정역환승센터,압구정동한양파출소앞,11,0355,2255,대성운수
100100070,441,trunk,월암공영차고지,한강버스압구정선착장,12,0420,2220,우신버스
100100609,4425,branch,상대원차고지,삼성역,16,0400,2230,동성교통
100100246,4432,branch,개포동,신원동,12,0400,2320,도선여객
100100247,4433,branch,대치역,양재역,9,0540,2310,정평운수
122000001,4435,branch,개포동차고지,서초역,15,0410,2320,도선여객
113000002,452,trunk,송파공영차고지,중앙대학교,12,0400,2250,남성버스
100100071,461,trunk,장지공영차고지,여의도공원,11,0400,2210,진화운수
100100605,463,trunk,염곡동차고지,국회의사당,10,0400,2215,대흥교통
100100073,470,trunk,상암차고지,안골마을,10,0400,2230,다모아자동차
100100075,472,trunk,개포동차고지,신촌로타리,9,0410,2320,도선여객
100100076,500,trunk,석수역,을지로입구,9,0400,2300,서울교통네트웍
100100077,501,trunk,대학동고시촌입구,종로2가,10,0420,2220,한남여객
100100248,5012,branch,가산동,용산역,12,0420,2230,신인운수
100100410,502,trunk,월암공영차고지,한국은행.신세계,11,0410,2250,우신버스
100100078,503,trunk,광명공영차고지,서울역,14,0415,2220,보영운수
100100079,504,trunk,광명공영주차장,남대문,7,0355,2240,한성운수
100100080,505,trunk,노온사동,서울역,11,0410,2230,범일운수
100100081,506,trunk,신림중.삼성고.관악아트홀.도서관,을지로입구역.광교,15,0420,2220,한남여객
100100082,507,trunk,석수역,동대문역사문화공원,9,0400,2250,서울교통네트웍
100100083,540,trunk,군포공영차고지,서울성모병원,16,0445,0005,우신버스
100100574,541,trunk,군포공영차고지,강남역,15,0410,2320,우신버스
100100249,5413,branch,시흥,고속터미널,7,0410,2300,범일운수
100100250,5511,branch,대학동고시촌입구,중앙대학교,7,0520,2320,한남여객
100100251,5513,branch,서울대학교,벽산블루밍아파트,9,0530,2330,한남여객
100100252,5515,branch,금호타운아파트,청림동현대아파트,9,0530,2330,관악교통
100100253,5516,branch,대학동고시촌입구,노량진역,9,0500,2300,한남여객
100100254,5517,branch,한남운수대학동차고지,중앙대학교,13,0430,2230,한남여객
100100255,5519,branch,용천사,우방아파트,14,0600,2325,관악교통
100100257,5522A난곡,branch,난곡,난곡,13,0500,2330,보성운수
100100258,5522B호암,branch,서울난향초등학교,신대방역,13,0500,2330,보성운수
100100259,5523,branch,난곡,서울대입구역,14,0430,2320,보성운수
100100260,5524,branch,난향차고지,중앙대학교,8,0400,2230,양천운수
100100261,5525,branch,시흥동,보라매공원,17,0450,2320,범일운수
100100263,5528,branch,가산동,사당역,12,0430,2250,신인운수
100100264,5530,branch,군포공영차고지,사당역,12,0440,2250,우신버스
100100265,5531,branch,군포공영차고지,노들역,7,0420,2230,군포교통
100100267,5535,branch,하안동,노량진,8,0420,2240,한성운수
100100268,5536,branch,하안동,중앙대,12,0410,2240,한성운수
100100269,5537,branch,시흥동,가산디지털단지역,15,0430,2330,범일운수
100100295,5611,branch,가산동,신도림역,17,0420,2320,한남여객
100100272,5615,branch,난곡,여의도,10,0400,2300,보성운수
100100273,5616,branch,가산동,영도중학교,16,0420,2220,한남여객
100100274,5617,branch,시흥,구로디지털단지역,10,0450,2350,범일운수
100100275,5618,branch,구로동,구로동,11,0330,2210,보성운수
100100276,5619,branch,시흥동,신도림역,11,0430,2330,범일운수
100100277,5620,branch,시흥,선유도역,8,0430,2310,범일운수
100100278,5621,branch,삼익아파트,구로디지털단지역,8,0520,2350,범일운수
100100279,5623,branch,군포공영차고지,여의도,8,0400,2220,군포교통
100100281,5625,branch,안양비산동,영등포역(영등포시장),11,0400,2240,서울매일버스
100100282,5626,branch,안양비산동,온수동종점,12,0400,2225,서울매일버스
100100283,5627,branch,노온사동,구로디지털단지역,18,0430,2330,범일운수
100100284,5630,branch,광명공영차고지,목동역,14,0415,2250,보영운수
100100285,5633,branch,노온사동,순복음교회,14,0420,2250,범일운수
100100266,5634,branch,광명공영차고지,여의도,13,0415,2250,보영운수
100100084,571,trunk,가산동,진관공영차고지,11,0420,2230,신인운수
100100286,5712,branch,가산동기점,홍대입구역,9,0430,2230,한남여객
100100287,5713,branch,안양비산동,신촌기차역,9,0405,2225,서울매일버스
100100288,5714,branch,광명공영차고지,이대입구,8,0415,2210,보영운수
100100085,600,trunk,온수동,광화문,8,0400,2330,서울교통네트웍
100100412,6001,airport,인천공항,동대문,13,0430,2250,공항리무진
100100413,6002,airport,인천공항,청량리역,16,0410,2310,공항리무진
100100414,6003,airport,인천공항,대림역,20,0420,2310,공항리무진
100100415,6004,airport,인천공항,가산디지털단지역,35,0425,2245,공항리무진
100100416,6005,airport,인천공항,서울시청(서울신문사),130,0430,2235,공항리무진
100100506,6006,airport,몽촌토성역,인천공항,65,0400,2030,서울공항리무진
124000014,6007,airport,인천공항T2,국회의사당.글래드호텔,35,0430,2235,공항리무진
100100417,6008,airport,해군호텔,인천공항,55,0420,2000,공항리무진
100100507,6009,airport,가락1동주민센터,인천공항,25,0355,2010,서울공항리무진
100100086,601,trunk,개화동,혜화역,12,0400,2250,다모아자동차
100100584,6010,airport,왕십리역,인천국제공항,70,0410,2250,공항리무진
100100418,6011,airport,월계동대우아파트,인천공항,25,0410,2010,공항리무진
100100419,6012,airport,구파발역,인천공항,50,0430,2000,공항리무진
100100420,6013,airport,인천공항,홈플러스면목점,30,0425,2305,공항리무진
100100421,6014,airport,광명종합터미널,인천공항,45,0425,2000,공항리무진
100100422,6015,airport,인천공항,동대문,13,0425,2300,공항리무진
100100423,6016,airport,서울교육대,인천공항,60,0420,2000,공항리무진
100100533,6017,airport,인천공항,서울대호암교수회관,28,0420,2250,공항리무진
100100538,6018,airport,신도림역,인천공항,110,0420,1930,공항리무진
115000006,6019,airport,인천공항,내방역,50,0420,2245,공항리무진
100100087,602,trunk,양천공영차고지,시청앞,9,0410,2230,양천운수
100100509,6020,airport,역삼역,인천공항,60,0400,2010,서울공항리무진
100100088,603,trunk,신월동,시청,10,0420,2300,중부운수
100100089,604,trunk,신월동기점,중구청앞,11,0400,2250,신길교통
100100090,605,trunk,강서공영차고지.개화역,서울역.후암동,10,0400,2220,공항버스
100100091,606,trunk,부천상동,조계사,14,0400,2230,신길교통
100100513,6100,airport,망우역,인천공항,15,0415,2000,한국도심공항
122000012,6100-1,airport,의릉입구,인천공항,105,0420,1830,한국도심공항
100100373,6101,airport,창동역,김포공항,200,0430,2000,한국도심공항
122000002,6102,airport,쌍문역,인천공항,40,0420,1900,한국도심공항
124000013,6103,airport,도심공항,인천공항,58,0410,2100,한국도심공항
122000011,6104,airport,도심공항,인천공항,330,0430,1520,한국도심공항
124000006,6200,airport,황산,인천공항,40,0355,1935,서울공항리무진
100100289,6211,branch,신월동,상왕십리,11,0420,2230,중부운수
100100508,6300,airport,미사강변18단지강일리버10단지,인천공항,40,0400,1940,서울공항리무진
100100093,640,trunk,신월동기점,강남역,10,0420,2250,중부운수
100100094,641,trunk,문래동,양재동,6,0410,2240,중부운수
100100290,6411,branch,신정동,선릉역,12,0345,2215,한남여객
100100096,643,trunk,양천차고지,강남역,10,0430,2240,관악교통
100100097,650,trunk,외발산동,낙성대입구,10,0400,2240,영인운수
123000014,6500,airport,강남우체국,인천공항T2,350,0500,1630,서울공항리무진
100100098,651,trunk,방화동,관악구청,11,0400,2240,김포교통
100100291,6511,branch,구로동,서울대,20,0400,2300,한남여객
100100292,6512,branch,구로동,서울대,10,0350,2230,보성운수
100100294,6514,branch,양천공영차고지,서울대학교,13,0400,2200,도원교통
100100521,6515,branch,양천공영차고지,경인교육대학교,10,0410,2210,관악교통
100100576,6516,branch,양천공영차고지,박미삼거리,17,0400,2140,양천운수
100100099,652,trunk,신월동기점,금천우체국,10,0400,2240,신길교통
100100497,653,trunk,외발산동기점,가산디지털단지역,16,0430,2320,신길교통
115000007,654,trunk,방화동,노들역,12,0400,2230,김포교통
116000004,660,trunk,온수동,가양역,15,0400,2230,서울교통네트웍
123000002,6600,airport,마천역.송파파크센트럴,인천공항,190,0400,1720,서울공항리무진
100100102,661,trunk,부천상동,영등포신세계백화점,16,0400,2240,신길교통
115000014,6611,branch,개화역광역환승센터,한강버스마곡선착장,16,0830,2200,공항버스
100100453,6613,branch,양천공영차고지,대림역,17,0430,2250,세풍운수
100100297,6614,branch,양천공영차고지,부천옥길지구,15,0430,2240,세풍운수
116000002,6615,branch,양천공영차고지,천왕역,18,0430,2300,세풍운수
100100298,6616,branch,철산동,온수동,16,0430,2310,세풍운수
100100299,6617,branch,양천공영차고지,목동우성아파트,12,0500,2330,도원교통
100100550,662,trunk,외발산동기점,여의나루역,12,0400,2310,영인운수
100100300,6620,branch,양천공영차고지,당산역,15,0500,2330,도원교통
100100301,6623,branch,양천공영차고지,여의도,14,0410,2250,양천운수
100100302,6624,branch,신월동,이대목동병원,9,0500,2340,중부운수
100100303,6625,branch,문래동,화곡역,14,0430,2300,중부운수
100100304,6627,branch,양천공영차고지,이대목동병원,14,0430,2300,양천운수
100100305,6628,branch,외발산동,여의도,7,0410,2320,영인운수
100100306,6629,branch,방화동,영등포역,12,0430,2240,김포교통
100100307,6630,branch,외발산동기점,영등포시장연흥극장,16,0420,2250,영인운수
100100308,6631,branch,강서공영차고지.개화역,영등포시장,9,0420,2250,공항버스
100100309,6632,branch,강서공영차고지.개화역,당산역,11,0430,2300,공항버스
115000012,6633,branch,강서공영차고지,여의도역,18,0450,2130,공항버스
100100312,6637,branch,노온사동,목동,8,0430,2310,범일운수
100100313,6638,branch,철산동,오목교,13,0430,2300,세풍운수
100100601,6640A,branch,양천공영차고지,양천공영차고지,14,0430,2310,세풍운수
100100602,6640B,branch,양천공영차고지,양천공영차고지,14,0430,2310,세풍운수
100100316,6642,branch,강서공영차고지,가양9단지,12,0440,2230,정평운수
100100318,6645,branch,강서공영차고지,가양9단지,14,0440,2230,정평운수
100100320,6647,branch,강서공영차고지.개화역,강서면허시험장.메이필드호텔,8,0500,2300,정평운수
115000005,6648,branch,방화동,양천구청,13,0430,2300,김포교통
100100329,6657,branch,양천공영차고지,강서한강자이아파트,20,0500,2300,도원교통
100100567,6701,airport,인천공항,서울가든호텔,33,0405,2225,한국공항리무진
100100573,6702,airport,인천공항,앰배서더호텔,40,0400,2305,한국공항리무진
100100572,6703,airport,인천공항,임피리얼팰리스호텔,53,0400,2255,한국공항리무진
100100570,6705A,airport,인천공항,워커힐호텔,40,0450,2255,한국공항리무진
100100330,6712,branch,방화동,서강대학교,14,0430,2240,김포교통
100100293,6713,branch,철산동,홍대입구역,11,0430,2220,세풍운수
100100331,6714,branch,양천공영차고지,이대부고,17,0430,2300,양천운수
100100332,6715,branch,신월동,상암동,8,0430,2320,중부운수
100100451,6716,branch,양천공영차고지,이대입구,11,0430,2220,세풍운수
100100495,672,trunk,방화동기점,이대후문,15,0430,2250,김포교통
100100551,673,trunk,부천상동,이대부고,16,0430,2250,신길교통
111000008,674,trunk,신월동기점,연세대,13,0420,2300,보광교통
100100440,700,trunk,대화동,숭례문,14,0430,0000,동해운수
100100103,701,trunk,진관차고지,종로2가,14,0400,2300,한국BRT
100100450,7011,branch,은평차고지,중구청,12,0430,2310,유성운수
100100449,7013A,branch,은평차고지,남대문시장,22,0430,2300,유성운수
100100448,7013B,branch,은평차고지,남대문시장,22,0445,2310,유성운수
100100447,7016,branch,은평차고지,상명대,9,0430,2230,유성운수
100100337,7017,branch,은평차고지,롯데백화점,10,0430,2300,보광교통
100100338,7018,branch,북가좌동,무교동,10,0415,2300,서부운수
100100339,7019,branch,은평차고지,서소문,11,0430,2255,현대교통
100100340,7021,branch,은평차고지,을지로입구,9,0430,2300,보광교통
100100341,7022,branch,구산동,서울역,11,0430,2310,선진운수
100100342,7024,branch,봉원사,서울역,16,0530,2310,원버스
100100446,7025,branch,은평차고지,종로6가,19,0410,2320,선진운수
100100104,702A,trunk,원당,종로1가,9,0340,2210,선진운수
100100105,702B,trunk,원당,종로1가,16,0405,2235,선진운수
116000006,703,trunk,탄현역,숭례문,20,0430,2230,서울매일버스
100100107,704,trunk,진관차고지,서울역환승센터,16,0400,2230,한남버스
100100587,705,trunk,진관공영차고지,롯데백화점,16,0350,2300,신수교통
111000027,706,trunk,진관공영차고지,서소문,14,0400,2300,신수교통
111000022,707,trunk,고양시가좌동,롯데백화점,13,0400,2250,선진운수
123000011,708,trunk,진관차고지,서울역,12,0430,2320,한국BRT
111000028,709,trunk,진관공영차고지,서울역버스환승센터,12,0430,2300,한남버스
100100110,710,trunk,상암차고지,수유역.강북구청,9,0350,2240,다모아자동차
100100111,720,trunk,진관공영차고지,답십리,8,0400,2310,한남버스
100100112,721,trunk,북가좌동,건대입구역,9,0420,2240,서부운수
100100344,7211,branch,진관공영차고지,신설동,9,0410,2300,한남버스
100100499,7212,branch,은평차고지,극동그린아파트앞,12,0400,2210,선진운수
100100537,740,trunk,덕은동,삼성역,12,0400,2240,신촌교통
123000010,741,trunk,진관차고지,세곡동사거리,10,0400,2250,한국BRT
100100116,742,trunk,구산동,교대역,11,0400,2210,선진운수
100100114,750A,trunk,덕은동종점,서울대학교,10,0400,2135,신촌교통
100100565,750B,trunk,은평차고지,서울대,6,0400,2310,신촌교통
100100117,752,trunk,구산동,노량진,11,0400,2220,선진운수
100100118,753,trunk,구산동,상도동,12,0410,2220,선진운수
100100511,760,trunk,대화동,영등포소방서타임스퀘어,17,0430,2300,동해운수
111000014,761,trunk,진관공영차고지,영등포역,10,0400,2320,신수교통
100100345,7611,branch,은평차고지,여의도,12,0410,2240,현대교통
100100346,7612,branch,홍연2교,영등포구청역,10,0433,2340,현대교통
100100347,7613,branch,구산동,여의도,15,0430,2300,선진운수
100100437,771,trunk,대화동종점,디지털미디어시티역,24,0410,2330,동해운수
100100348,7711,branch,덕은동종점,홍대입구역,12,0430,0000,신촌교통
100100349,7713,branch,홍연2교,신촌오거리,12,0500,2330,현대교통
100100462,7715,branch,은평차고지,연신내역,10,0430,2330,선진운수
112000005,7716,branch,서부운수차고지,한강버스망원선착장,17,0530,2200,서부운수
124000008,7719,branch,북가좌동,녹번역,25,0420,2300,서부운수
100100352,7720,branch,구산동,신촌,12,0430,2310,선진운수
100100353,7722,branch,진관공영차고지,녹번역,13,0430,2350,신수교통
100100354,7723,branch,진관공영차고지,구파발역,13,0430,0000,신수교통
100100357,7726,branch,덕은동종점,모래내삼거리,21,0500,0000,신촌교통
100100358,7727,branch,설문동,신촌,12,0430,2250,신촌교통
100100359,7728,branch,대화동,신촌,13,0400,2210,동해운수
100100360,7730,branch,은평차고지,이북오도청,10,0430,2300,보광교통
111000010,7734,branch,진관공영차고지,홍대입구역,9,0400,2300,신수교통
100100363,7737,branch,은평공영차고지,파크빌아파트,11,0505,2310,원버스
100100364,7738,branch,은평공영차고지,홍제역,8,0500,2320,원버스
100100552,7739,branch,은평공영차고지,서교가든,12,0500,2320,원버스
107000003,8002,branch,상명대앞,경복궁역,25,1030,1800,대진여객
107000004,8003,branch,평창동주민센터,평창동주민센터,40,0600,2240,대진여객
110000005,8101,branch,도봉보건소,서소문,10,0000,0000,삼양교통
107000009,8111,branch,북악중학교,국민대앞,18,0000,0000,동아운수
110000006,8112,branch,온곡중학교,수락리버시티1단지정문,15,0000,0000,삼화상운
110000004,8146,trunk,7단지영업소,강남역,5,0000,0000,한성여객
106000001,8221,branch,장안2동주민센터,답십리역,9,0000,0000,북부운수
124000010,8331,branch,마천동사거리,잠실역8번,11,0720,0920,신흥운수
124000040,8332,branch,강동리버스트상가,중앙보훈병원역,22,0000,0000,대원여객
106000007,8333,branch,힐스테이트리슈빌강일,암사역사공원역,17,0000,0000,대원여객
103000001,8441,branch,은곡마을.LH이편한세상,수서역5번출구,16,0000,0000,대성운수
121000002,8442출근,branch,서초호반써밋,양재역,27,0000,0000,우신운수
106000006,8442퇴근,branch,양재역,서초호반써밋아파트,60,0000,0000,우신운수
100100383,8541,branch,호압사,강남역,20,0400,0440,관악교통
108000001,8551,branch,봉천역,노량진역,9,0000,0000,한성운수
116000001,8552,branch,신림복지관앞,신림역,10,0000,0000,보성운수
116000005,8561,branch,신림동별빛거리,여의도환승센터,12,0000,0000,한성운수
114000002,8641,branch,구로동,개포동,5,0000,0000,중부운수
120000003,8661,branch,역곡역,천왕역4번출구,18,0000,0000,관악교통
114000003,8671,branch,문래동시점,아현초등학교,18,0000,0000,현대교통
113000003,8762출근,branch,디지털미디어시티역2번출구,디지털미디어시티역2번출구,16,0000,0000,신촌교통
112000006,8762퇴근,branch,디지털미디어시티역2번출구,디지털미디어시티역2번출구,14,0000,0000,신촌교통
111000009,8771,branch,구산중.구산교회,녹번역,11,0700,0900,선진운수
100100525,8772,branch,진관공영차고지,북한산성입구,0,0800,1700,한남버스
112000003,8773출근,branch,구산동,홍대입구역,32,0000,0000,선진운수
112000007,8773퇴근,branch,선진운수종점,홍대입구역,32,0000,0000,선진운수
100100387,8774,branch,구산동,서대문구청,23,0430,2300,선진운수
113000007,8775출근,branch,상암월드컵파크,한강버스망원선착장,15,0000,0000,선진운수
111000029,8775퇴근,branch,상암월드컵파크,한강버스망원선착장,20,0000,0000,선진운수
112000001,8777,branch,난지캠핑장,월드컵경기장남측,23,1000,2000,보광교통
100100389,9401,wide,구미동차고지,서울역,5,0430,2300,동성교통
113000004,9401-1,wide,푸른마을,서울시중부기술교육원.블루스퀘어,15,0600,2300,동성교통
100100391,9404,wide,분당구미동,신사역,7,0400,2330,남성버스
100100392,9408,wide,분당구.구미동,고속터미널,15,0400,2240,남성버스
107000005,9409,wide,구미동차고지,신사역,25,0500,2300,동성교통
100100400,9707,wide,고양.가좌동,영등포역,12,0500,0000,선진운수
100100607,9711,wide,일산동부경찰서,양재역,12,0450,2330,서울매일버스
124000016,N6000,airport,인천공항T2,강남고속버스터미널,70,2320,0330,공항리무진
115000009,N6002,airport,청량리역,인천공항(T2),90,2220,0320,공항리무진
122000004,N6701,airport,인천공항,DDP,100,2300,0325,한국공항리무진
122000006,N6703,airport,인천공항,광나루역,80,2220,0315,한국공항리무진
122900003,강남01,village,일원동,현대웨딩홀,13,0600,2258,일원교통
122900006,강남02,village,강남구민체육관,양재역,6,0555,2330,포이운수
122900004,강남03,village,강남데시앙포레,LH푸르지오,13,0600,2240,일원교통
122900002,강남05,village,구룡마을,석촌역,9,0540,2330,개포운수
122900005,강남06,village,세곡푸르지오,삼성역7번출구,9,0530,2310,은곡운수
122900007,강남06-1,village,리엔파크4.5단지,한아름아파트.사이룩스오피스텔,23,0000,0000,은곡운수
122900010,강남06-2,village,리엔파크4.5단지,한아름아파트.사이룩스오피스텔,23,0600,2310,은곡운수
122900001,강남07,village,서울의료원후문,양재역,9,0540,2242,스마일버스
122900008,강남08,village,신사역,삼성역,19,0530,2300,계현운수
122900009,강남10,village,개포주공7단지앞,양재역,12,0600,2300,신흥기업
124900002,강동01,village,고덕풍경채어바니티,강변역,16,0520,2240,신명운수
124900003,강동02,village,가래여울,암사동서원마을,17,0555,2300,강동교통
124900001,강동05,village,강동공영차고지,천호역현대백화점,15,0550,2305,강동교통
108900006,강북01,village,아카데미하우스,수유역,9,0530,2335,인수운수
108900002,강북02,village,새마을연수원,수유역,8,0530,2345,화계마을
108900003,강북03,village,빨래골,수유역,8,0520,0000,수유마을
108900005,강북04,village,연일슈퍼,미아역.수유시장,14,0520,2345,미봉운수
108900008,강북05,village,번동초등학교,한일아파트,10,0517,2350,미봉운수
108900007,강북06,village,번동초등학교,미아사거리역,6,0520,2345,미봉운수
108900013,강북08,village,두산위브아파트,현대백화점,10,0550,2350,하이상운
108900004,강북09,village,미아사거리역.빅토리아호텔,수유역.강북구청,9,0530,2340,복지운수
108900009,강북10,village,솔샘터널,미아역,8,0520,2345,미향운수
108900001,강북11,village,미아사거리역.빅토리아호텔,수유역.강북구청,11,0530,0000,드림운수
108900012,강북12,village,SK북한산시티아파트,현대백화점별관.성북우체국,10,0548,2359,하이상운
115900006,강서01,village,약수터,등촌역1번출구,11,0550,2330,화곡운수
115900003,강서02,village,남부시장,남부시장,25,0600,2300,부민운수
115900004,강서03,village,약수터,신정여상,13,0540,2310,부민운수
115900001,강서04,village,경복여고,염창역,12,0600,2310,염동운수
115900005,강서05,village,강서농수산물시장,발산역,10,0530,2320,대운교통
115900008,강서05-1,village,다솔마을,송정중학교,25,0555,2300,대운교통
115900002,강서06,village,수명산,벽산아파트,11,0600,2310,염동운수
115900007,강서07,village,생태공원,마곡역,25,0600,2310,염동운수
120900005,관악01,village,봉천역,숭실대입구역,7,0520,2350,은천운수
120900011,관악02-1,village,낙성대역,서울대신공학관,5,0600,2350,인헌운수
120900012,관악02-2,village,낙성대역,행정관,10,0600,2200,인헌운수
120900003,관악03,village,국사봉,신림역,6,0520,0000,금강운수
120900009,관악04,village,군인아파트,사랑의병원,6,0600,2350,인헌운수
120900010,관악05,village,현대아파트,신림역4번출구,6,0600,2340,인헌운수
120900004,관악06,village,보명사.법화사,신대방역,4,0530,2350,신호운수
120900006,관악07,village,청림동푸르지오아파트121,서울대입구역,10,0530,2340,세광운수
120900007,관악08,village,난향동공영차고지,신림역4번출구,11,0525,2344,세광운수
120900002,관악10,village,아카시아마을,신림역4번출구,6,0530,2350,난곡운수
114900004,관악11,village,봉천역,재넘이고개,16,0530,2330,은성운수
104900005,광진01,village,광진정보도서관,워커힐아파트,15,0600,2325,광장운수
104900003,광진02,village,긴고랑,군자역,18,0600,2220,구의교통
104900002,광진03,village,국립정신건강센터,테크노마트앞.강변역,11,0555,2315,구의교통
104900001,광진04,village,중곡아파트,강변역,18,0600,2235,구의교통
104900004,광진05,village,신자초등학교,강변역,7,0600,2330,한빛운수
116900013,구로01,village,개봉역,금옥여고,7,0545,2340,오봉운수
116900014,구로02,village,개봉역,개봉중학교,9,0545,2340,오봉운수
116900010,구로03,village,개봉한진아파트,개봉역,7,0540,2345,개웅운수
116900011,구로04,village,천왕이펜하우스6단지,개봉역,12,0555,2325,개웅운수
116900009,구로05,village,오류중학교,개봉역,13,0550,0000,고척운수
116900012,구로06,village,개봉역,센추리아파트,11,0600,2340,구로운수
116900006,구로07,village,오류동역,항동지구,17,0545,2330,신오류운수
116900015,구로08,village,개봉역,오류역,14,0545,2340,오봉운수
116900007,구로09,village,동아1차105동,구로디지털단지역,9,0550,2325,서북교통
116900003,구로10,village,대림역,구일역,13,0550,2355,수빈운수
116900004,구로11,village,대림역,개봉역,15,0550,2350,수현운수
116900002,구로12,village,개봉역,거성아파트,21,0550,2350,수빈운수
116900001,구로13,village,구로1동주민센터,구로1동주민센터,13,0600,0000,수빈운수
116900005,구로14,village,천왕이펜하우스5단지,온수역,25,0600,2310,신오류운수
116900016,구로15,village,오류동역,오류동역,25,0555,2335,신오류운수
117900008,금천01,village,독산역입구,벽산아파트,4,0520,2350,범일운수
117900006,금천02,village,벽산3단지,안천중학교,21,0540,2340,범일운수
117900003,금천03,village,가산디지털단지,구로디지털단지역,5,0520,0000,대상운수
117900002,금천04,village,기아자동차,금천구청역,10,0520,0000,대상운수
117900001,금천05,village,독산한신아파트,가산디지털단지역,12,0510,2342,경성운수
117900004,금천06,village,시흥1동공영주차장,구로디지털단지역,11,0500,2340,우리마을버스
117900007,금천07,village,시흥1동공영주차장,구로디지털단지역,15,0550,2250,경성운수
117900005,금천08,village,독산고등학교,금천구청역,11,0550,2330,금천운수
117900010,금천11,village,산기슭공원,석수역,22,0520,2300,여진교통
117900012,금천11-1,village,시립금천청소년센터,석수역,17,0530,2230,여진교통
241461005,김포16-1,village,아라뱃길.김포터미널,개화역광역환승센터,15,0630,2140,경기
241350002,남양주33-1,village,차고지대기(경유),에코랜드수영장,35,0500,0015,경기
241350004,남양주85-1,village,차고지대기(경유),별내역2번출구.환승센터,165,0600,2320,경기
110900004,노원01,village,보람사거리,상계역,13,0600,2355,성서교통
110900009,노원02,village,수락리버시티1단지,노원구청,12,0530,2330,오렌지버스
110900005,노원03,village,석계역,하계역,13,0600,2330,금창운수
110900003,노원05,village,온곡초,창동역,16,0540,2345,성서교통
110900007,노원08,village,상계8동주민센터,창동역,10,0555,2340,수락운수
110900006,노원09,village,북부기술교육원,삼창아파트,15,0550,2330,한마음교통
110900002,노원11,village,수락현대아파트,상계역,15,0550,2350,성서교통
109900011,노원14,village,청백아파트,세그루학원,9,0530,2340,번창교통
109900010,노원15,village,청백아파트,덕성여대,15,0500,2300,번창교통
109900001,도봉01,village,법종사,창동역,12,0600,0005,청록운수
108900010,도봉02,village,우이동,수유역,6,0600,0005,청록운수
109900007,도봉03,village,꽃동네,수유역,12,0600,0008,청록운수
109900008,도봉04,village,동익아파트,수유역,11,0600,0008,청록운수
109900004,도봉05,village,한일병원,우이동,14,0530,2340,쌍문운수
109900003,도봉06,village,한일병원,벽산아파트,14,0530,2335,쌍문운수
109900002,도봉07,village,도봉여성센터,창2동건영아파트,12,0530,2325,쌍문운수
109900006,도봉08,village,창동역,무수골,18,0530,0010,진양교통
109900005,도봉09,village,창동역,도봉산역,9,0530,0010,진양교통
105900003,동대문01,village,회기역,경희의료원,9,0600,2230,우리운송
105900002,동대문02,village,회기역,외대앞역,13,0600,2230,우리운송
105900006,동대문03,village,서울가든아파트,회기역,9,0600,2300,휘경운수
105900001,동대문05,village,답십리역,청량리역,11,0600,2359,태현교통
100000025,동대문A01,trunk,장한평역,경희의료원,75,0000,0000,오토노머스에이투지
119900007,동작01,village,달마사,대방역,5,0520,2340,흑석운수
119900013,동작02,village,사자암,노량진역,17,0600,2250,상도3동마을
119900020,동작03,village,신대방삼거리역,노들역,13,0600,2340,노들마을
119900022,동작05,village,대방역,신대방역,19,0550,2350,보라매마을
119900023,동작05-1,village,신대방역,보라매역,17,0550,2350,보라매마을
119900014,동작06,village,이수역,사랑의병원,15,0600,2330,합성마을
119900018,동작07,village,삼성래미안아파트,갯마을,12,0545,2317,사당3동마을
119900009,동작08,village,약수아파트,대방역,8,0530,2330,명승운수
119900019,동작09,village,사당3동주민센터,사당역,8,0600,2330,화인운수
119900006,동작10,village,노량진교회,상도역,22,0545,2335,흑석운수
119900011,동작11,village,사자암,노량진역,14,0600,2250,상도3동마을
119900021,동작12,village,상도4동성문교회,대방역,14,0600,2340,노들마을
120900001,동작13,village,봉천고개,대방역,14,0600,2300,연성운수
119900012,동작14,village,달마사,사랑의병원,21,0600,2100,합성마을
119900010,동작15,village,자이아파트,이수역,18,0600,2330,합성마을
119900017,동작16,village,삼성래미안,사당역,16,0545,2315,사당3동마을
119900016,동작17,village,극동아파트,경문고,16,0600,2312,사당3동마을
119900015,동작18,village,극동아파트,사당역,28,0600,2315,사당3동마을
119900008,동작19,village,국사봉터널,성대시장,21,0600,2255,상도3동마을
119900001,동작20,village,자이아파트,낙성대역,25,0600,2100,합성마을
119900024,동작21,village,달마사,상도역,25,0520,2355,흑석운수
101900003,동작A01,trunk,숭실대중문,중앙대후문,23,0000,0000,에스유엠
102900001,마포01,village,청암대,용문시장,12,0600,2330,웅산교통
113900005,마포02,village,청암대,공덕역,12,0600,2330,웅산교통
113900002,마포03,village,아현역,아현역(만리단고개),10,0600,2320,아현마을
113900011,마포05,village,홍대입구역,홍대입구역,12,0600,2330,온누리운수
113900012,마포06,village,홍대입구역,영보웨딩홀,9,0600,0006,온누리운수
113900010,마포07,village,양화진성지,현대백화점,12,0600,2335,승마교통
113900013,마포08,village,월드컵파크7단지,신촌역,12,0535,2335,성암운수
113900015,마포09,village,망원유수지,신촌역,9,0525,2345,정암운수
113900008,마포10,village,신촌전철역.그랜드마트,공덕전철역,10,0540,2345,정암운수
113900004,마포11,village,신촌역,마포역,15,0600,0010,신수동마을
113900003,마포12,village,신촌역,마포역,15,0600,0010,신수동마을
113900007,마포13,village,신촌역,신촌역,27,0600,2300,연희교통
113900014,마포15,village,월드컵파크7단지,홍대입구역,11,0600,2342,마포운수
113900009,마포16,village,진선주택,홍대정문,15,0515,2340,합정운수
113900001,마포17,village,공덕시장앞,공덕시장,10,0600,0010,신수동마을
113900016,마포18,village,상암월드컵파크6.7단지,상암월드컵파크6.7단지,9,1000,2300,미금운수
113900017,마포18-1,village,상암월드컵파크6.7단지,상암월드컵파크6.7단지,5,0600,1000,미금운수
241262002,부천013-1,village,온수동종점,경기국제통상고.포도마을뉴서울.,45,0000,0000,경기
241262003,부천013-2,village,온수동종점,소명여고사거리,50,0000,0000,경기
101000009,새벽A148,trunk,상계역5번출구.상계벽산아파트,고속터미널,0,0000,0000,에스유엠
100000024,새벽A160,trunk,도봉산역광역환승센터,영등포역,0,0000,0000,오토노머스에이투지
101000010,새벽A504,trunk,금천구청.금천경찰서,시청역1호선.서울시청,0,0000,0000,에스유엠
100000028,새벽A741,trunk,구파발역입구,양재역.서초문화예술회관,0,0000,0000,오토노머스에이투지
112900010,서대문01,village,삼성빌라,홍제역3번출구,13,0600,2345,부일교통
112900014,서대문02대,village,천연뜨란채아파트,극동아파트,11,0600,0000,충정운수
112900015,서대문02소,village,천연뜨란채아파트,서대문역,20,0600,2300,충정운수
112900004,서대문03,village,홍은2동주민센터,신촌역,5,0545,0015,연일교통
112900011,서대문04,village,궁동근린공원,신촌전철역,13,0600,2300,연희교통
112900009,서대문05,village,북아현삼거리,신촌전철역,9,0600,2255,서북운수
112900007,서대문06,village,두산아파트,서울역서부,12,0600,2245,서북운수
112900003,서대문07,village,개미마을,홍제역,25,0600,2300,태화운수
100900012,서대문08,village,상명대학교,홍제역,15,0600,2300,태화운수
112900012,서대문09대,village,가산빌라,홍제역,9,0600,2315,홍제교통
112900013,서대문09소,village,풍진베이스타운,홍제역3번출구,21,0600,2315,홍제교통
112900001,서대문10,village,백련사,홍제역3번출구,16,0545,2315,홍제교통
112900006,서대문11,village,국민주택,봉원동입구,16,0550,0000,삼하운수
112900002,서대문12,village,유원아파트,홍제역,12,0600,2300,태화운수
112900005,서대문13,village,국민주택,인왕산현대아파트,28,0555,2332,삼하운수
112900008,서대문14,village,정원슈퍼,홍제역,11,0600,0000,미향운수
108900014,서대문15,village,증산역.증산2교,명지대학교교회,14,0600,0000,미향운수
100000027,서대문A01,trunk,서대문구청,가좌역3번출구,25,0000,0000,라이드플럭스
107000006,서울01출근,wide,화성시동탄,강남역,18,0000,0000,동성교통
107000010,서울01퇴근,wide,강남역,화성시동탄,20,0000,0000,동성교통
115000011,서울02출근,trunk,김포시풍무동,김포공항역,10,0000,0000,다모아자동차
115000013,서울02퇴근,trunk,김포공항역,김포시풍무동,20,0000,0000,다모아자동차
111000020,서울03출근,wide,파주시운정지구,홍대입구역,23,0000,0000,선진운수
111000024,서울03퇴근,wide,홍대입구역,파주시운정지구,20,0000,0000,선진운수
111000021,서울04출근,trunk,고양시원흥지구,가양역,15,0000,0000,선진운수
111000025,서울04퇴근,trunk,가양역,고양시원흥지구,20,0000,0000,선진운수
109000002,서울05출근,trunk,양주시옥정신도시,도봉산역,15,0000,0000,서울교통네트웍
109000004,서울05퇴근,trunk,도봉산역,양주시옥정지구,20,0000,0000,서울교통네트웍
113000005,서울06출근,wide,광주시능평동,강남역,18,0000,0000,남성버스
109000005,서울06퇴근,wide,강남역,광주시능평지구,20,0000,0000,남성버스
102000001,서울07출근,trunk,양재역,성남시판교제2테크노벨리,18,0000,0000,삼성여객
106000005,서울07퇴근,trunk,성남시판교제2테크노벨리,양재역,20,0000,0000,우신운수
111000023,서울08출근,trunk,고양시화정역,DMC역,18,0000,0000,보광교통
111000026,서울08퇴근,trunk,DMC역,고양시화정역,20,0000,0000,보광교통
110000007,서울09출근,trunk,의정부시고산지구,노원역,18,0000,0000,삼화상운
110000008,서울09퇴근,trunk,노원역,의정부시고산지구,20,0000,0000,삼화상운
109000003,서울10출근,trunk,의정부시가능동,도봉산역,18,0000,0000,동아운수
109000006,서울10퇴근,trunk,도봉산역,의정부가능동,20,0000,0000,동아운수
121900009,서초01,village,롯데캐슬아파트,래미안신반포리오센트아파트,25,0600,2230,서초그린운수
121900008,서초02,village,교대역,교대역,14,0600,2200,서초그린운수
121900005,서초03,village,교대역,논현역,14,0600,2300,서일교통
119900003,서초05,village,정금마을,방배고개,26,0600,2300,광일운수
119900002,서초06,village,정금마을,동덕여고,21,0600,2300,광일운수
121900011,서초07,village,LG자이아파트,래미안아트힐,20,0600,2300,부생운수
121900002,서초08,village,서초추모공원,양재역,12,0600,2200,양재운수
121900007,서초09,village,헌인마을,강남역,13,0530,2300,청화운수
121900003,서초10,village,서초구민체육센터,강남역,10,0600,2230,서초교통
121900006,서초11,village,예술의전당,GS마트,13,0600,2230,서애운수
121900013,서초13,village,이수역,동덕여고,11,0600,2210,청진운수
121900010,서초14,village,이수역,고속터미널,9,0600,2230,청진교통
121900012,서초15,village,롯데캐슬헤론,사당역,12,0600,2300,부생운수
119900005,서초16,village,정금마을,방배역,15,0600,2300,광일운수
119900004,서초17,village,사당역10번출구,서초구청,11,0600,2245,광일운수
121900016,서초18,village,선바위역,언남고,12,0600,2230,구민버스
121900015,서초18-1,village,LH5단지,양재역,21,0600,2200,구민버스
121900004,서초20,village,서초더샵포레,양재역,25,0600,2200,양재운수
121900001,서초21,village,염곡동,구민체육센터,12,0600,2300,선흥상운
121900014,서초22,village,남부터미널,국립국악원,11,0600,2300,계현운수
103900003,성동01,village,옥수역,신당역,7,0555,2353,왕금운수
103900004,성동02,village,청계현대아파트,논골.금호동벽산아파트.성동공유센터,15,0550,2300,응봉운수
103900011,성동03-1,village,신금호역,시설관리공단,10,0600,2330,낙산운수
103900012,성동03-2,village,왕십리풍림아이원아파트102동,왕십리역,18,0600,2330,낙산운수
101900001,성동05,village,금호산,약수역,11,0555,2325,동호운수
103900002,성동08,village,금호역,시설관리공단,10,0550,2340,금호교통
103900001,성동09,village,옥수동삼성아파트,옥수역,11,0559,2330,화송옥수운수
103900008,성동10,village,성수역,송정동현대아이파크,14,0559,2330,성수운수
103900009,성동12,village,옥수삼성아파트,옥수역,15,0550,2324,화송옥수운수
103900010,성동13,village,옥수역7번출구,성수역3번출구,25,0559,2310,성수운수
103900013,성동14,village,응봉역.광희중학교,왕십리민자역사,12,0600,2200,응봉운수
103900014,성동15,village,대우아파트관리사무소,대우아파트입구,20,0555,2300,동호운수
107900008,성북01,village,한신113동,삼선동주민센터,9,0520,2355,아리랑교통
107900003,성북02,village,한성대,우리옛돌박물관,13,0555,2336,성삼운수
107900002,성북03,village,삼선푸르지오APT,북정노인정,14,0545,2336,성삼운수
107900005,성북04,village,성신여대입구,신설동역,9,0520,0000,안암교통
107900011,성북05,village,정릉2동주민센터,정수빌라,24,0600,2300,대진여객
107900012,성북06,village,산림초소,길음역,21,0540,2340,대진여객
107900013,성북07,village,정릉4동종점,길음역,13,0540,2350,대진여객
107900007,성북08,village,신안아파트,길음역,10,0530,0025,길음운수
107900006,성북09,village,신안아파트,미아사거리역,15,0530,0020,길음운수
107900018,성북10,village,장위중학교,미아사거리,10,0530,0000,고려승객
107900004,성북12,village,월곡중학교,석계역,19,0550,0010,석계운수
107900001,성북13,village,동방주택,석계역,12,0550,0020,석계운수
107900010,성북14-1,village,북서울꿈의숲,석계역문화공원,15,0540,0020,석계운수
107900016,성북14-2,village,래미안장위퍼스트하이아파트,석계역,13,0550,0020,석계운수
107900015,성북15,village,고려아파트,한미약국,21,0600,2345,고려승객
105900004,성북20,village,고려대역3번출구,삼선동주민센터,17,0600,2330,약수교통
105900005,성북21,village,고려대역,길음역,17,0530,0000,고려승객
107900009,성북22,village,성신여대입구역5번출구,세계문화유산정릉,10,0520,0000,아리랑교통
123900001,송파01,village,오륜사거리,잠실역.송파구청,18,0600,2300,송파마을버스
123900002,송파02,village,하남시위례도서관,수서역,13,0600,2300,송파마을버스
123900003,송파03,village,수서역,잠실나루역,25,0600,2300,송파마을버스
114900001,양천01,village,등촌역,당산역,6,0530,2340,목동운수
114900002,양천02,village,등촌역,오목교역,7,0540,2345,목동운수
114900003,양천03,village,신정이펜하우스1단지,목동역,10,0530,2330,신목교통
116900018,양천04,village,신도림동동아아파트1차,양천구청역,10,0600,2350,우리교통
116900008,영등포01,village,신도림역,구로디지털단지,10,0548,0010,형일교통
118900004,영등포02,village,한솔아파트,신동아아파트.관악고교,12,0600,2200,태경운수
118900005,영등포03,village,현대아파트,영등포시장,14,0600,2312,대영마을
118900001,영등포04,village,대림역,영등포역,9,0535,2350,대림운수
118900006,영등포05,village,당산역,영등포역,15,0600,2307,대영마을
118900003,영등포06,village,대방역,신풍시장,19,0600,2330,은성운수
118900002,영등포07,village,대방역,신풍역,17,0600,2330,은성운수
118900007,영등포08,village,신도림역,영등포푸르지오아파트,11,0600,2315,대영마을
116900017,영등포09,village,신도림역,영등포역후문,10,0600,2330,양정운수
118900008,영등포10,village,대방역,대방역,14,0600,2300,태진마을
118900009,영등포11,village,대방역,대방역,12,0600,2300,태진마을
114900006,영등포12,village,신도림역,당산역,17,0600,2330,한강운수
114900005,영등포13,village,대방천사거리,신도림역,15,0600,2330,한강운수
102900003,용산01,village,순천향병원,순천향병원,15,0600,2230,남산운수
102900002,용산02,village,용산구청,남영역,8,0550,2320,태영교통
102900004,용산03,village,하얏트호텔,용산전자상가,11,0550,2310,남산운수
101900002,용산04,village,서부역,서부역,8,0600,2300,금양운수
111900003,은평02,village,두산.한신아파트,불광역,18,0500,2330,선진운수
111900014,은평03-1,village,12번지건영아파트,연신내역6번출구,15,0550,2355,갈현운수
111900015,은평03-2,village,은평성모병원,연신내역,15,0600,2330,갈현운수
111900004,은평04,village,경향파크아파트,불광역,16,0500,2330,선진운수
111900005,은평05,village,힐스테이트아파트,녹번역,12,0600,2325,영운운수
111900007,은평06,village,불광동수양관,대성중.고등학교,18,0600,2350,영운교통
111900006,은평07,village,삼성래미안아파트,불광역,14,0600,2355,영운교통
111900011,은평08-1,village,백련산힐스테이트,새절역,17,0600,2330,갈현운수
111900012,은평08-2,village,백련산힐스테이트,새절역,17,0600,2330,갈현운수
111900009,은평09,village,대림e편한세상APT,청구성심병원,15,0600,2345,갈현운수
111900010,은평10,village,숭실고등학교,보람슈퍼,18,0600,2300,영운운수
100900006,종로01,village,아름다운가게.정독도서관,종각역YMCA,15,0600,2310,대산교통
100900008,종로02,village,성균관대학교,종각역YMCA,12,0600,2305,대산교통
100900010,종로03,village,낙산공원,종로5가,9,0600,2340,종로운수
100900011,종로05,village,서대문3번출구,종로문화센터,10,0600,2320,나경운수
100900004,종로07,village,명륜새마을금고,명륜새마을금고,18,0600,0000,와룡운수
100900005,종로08,village,명륜3가,종로5가,7,0600,2320,와룡운수
100900003,종로09,village,수성동계곡,남대문,10,0600,2300,인왕교통
100900007,종로11,village,삼청동,서울역,10,0600,2300,삼청교통
100900009,종로12,village,서울대병원,종로3가,11,0600,2330,은수교통
100900002,종로13,village,평창동주민센터,부암슈퍼,15,0550,2230,약수교통
106900001,중랑01,village,중화1동동아약국,신이문역,25,0600,2350,금창운수
106900002,중랑02,village,진로아파트,한신아파트,8,0600,2315,중랑운수
100000026,청계A01,circular,청계광장,청계1가.광교,30,0000,0000,오토노머스에이투지
