station_cd,line,fr_code,name_ko,name_en,name_zh,name_ja,lat,lng,rt_name
4201,AREX,A01,서울역,Seoul Station,首爾站,ソウルヨク,37.553247,126.969769,서울
4202,AREX,A02,공덕,Gongdeok,孔德,コンドク,37.542530,126.952024,공덕
4203,AREX,A03,홍대입구,Hongik Univ.,弘益大学,ホンデイック,37.557438,126.926715,홍대입구
4204,AREX,A04,디지털미디어시티,Digital Media City,数码媒体城,デジタルメディアシティ,37.576958,126.898609,디지털미디어시티
4206,AREX,A042,마곡나루,Magongnaru,麻谷渡口,マゴンナル,37.565543,126.827378,마곡나루
4207,AREX,A05,김포공항,Gimpo Intl. Airport,金浦机场,キンポゴンハン,37.561842,126.801904,김포공항
4208,AREX,A06,계양,Gyeyang,桂阳,ケヤン,37.571662,126.736300,계양
4209,AREX,A07,검암,Geomam,黔岩,コマム,37.569098,126.674007,검암
4210,AREX,A071,청라국제도시,Cheongna Int'l City Station,靑羅國際城驛,チョンナグクチェドシ,37.556409,126.624648,청라국제도시
4217,AREX,A072,영종,Yeongjong,永宗,ヨンジョン,37.512020,126.524254,영종
4211,AREX,A08,운서,Unseo,云西,ウンソ,37.492904,126.493790,운서
4212,AREX,A09,공항화물청사,Incheon Intl. Airport Cargo Terminal,机场货物厅舍,コンハンファムルチョンサ,37.459041,126.477516,공항화물청사
4213,AREX,A10,인천공항1터미널,Incheon Int'l Airport Terminal 1,仁川国际机场 1号航站楼,仁川国際空港 1ターミナル,37.447464,126.452508,인천공항1터미널
4215,AREX,A11,인천공항2터미널,Incheon Int'l Airport Terminal 2,仁川国际机场 2号航站楼,仁川国際空港 ２ターミナル,37.460699,126.441442,인천공항2터미널
4501,EVERLINE,Y110,기흥,Giheung,器興,キフン,37.275449,127.116665,기흥
4502,EVERLINE,Y111,강남대,Kangnam Univ.,江南大学,カンナムデ,37.270161,127.126033,강남대
4503,EVERLINE,Y112,지석,Jiseok,支石,チソク,37.269606,127.136515,지석
4504,EVERLINE,Y113,어정,Eojeong,御井,オジョン,37.274917,127.143714,어정
4505,EVERLINE,Y114,동백,Dongbaek,東栢,トンベク,37.269043,127.152716,동백
4506,EVERLINE,Y115,초당,Chodang,草堂,チョダン,37.260752,127.159443,초당
4508,EVERLINE,Y116,삼가,Samga,三街,サムガ,37.242115,127.168075,삼가
4509,EVERLINE,Y117,시청.용인대,City Hall·Yongin Univ.,市廳龍仁大,シチョン·ヨンインデ,37.239151,127.178406,시청.용인대
4510,EVERLINE,Y118,명지대,Myongji Univ.,明知大,ミョンジデ,37.237964,127.190294,명지대
4511,EVERLINE,Y119,김량장,Gimnyangjang,金良場,キムニャンジャン,37.237247,127.198781,김량장
4512,EVERLINE,Y120,용인중앙시장,Yongin Jungang Market,龙仁中央市场,ヨンインチュンアンシジャン,37.237845,127.209198,운동장.송담대
4513,EVERLINE,Y121,고진,Gojin,古陣,コジン,37.244840,127.214251,고진
4514,EVERLINE,Y123,보평,Bopyeong,洑坪,ポピョン,37.258965,127.218457,보평
4515,EVERLINE,Y125,둔전,Dunjeon,屯田,トゥンジョン,37.267051,127.213640,둔전
4517,EVERLINE,Y126,전대.에버랜드,Jeondae · Everland,前垈･愛寶樂園,チョンデ・エバーランド,37.285342,127.219561,전대.에버랜드
4920,GIMPO,690,양촌,Yangchon,阳村,ヤンチョン,37.642379,126.614309,양촌
4921,GIMPO,691,구래,Gurae,九來,クレ,37.645384,126.628633,구래
4922,GIMPO,692,마산,Masan,麻山,マサン,37.640732,126.644344,마산
4923,GIMPO,693,장기,Janggi,场基,チャンギ,37.643986,126.669017,장기
4924,GIMPO,694,운양,Unyang,云阳,ウニャン,37.653867,126.683930,운양
4925,GIMPO,695,걸포북변,Geolpo Bukbyeon,杰浦北边,コルポブクビョン,37.631650,126.705975,걸포북변
4926,GIMPO,696,사우,Sau,沙隅,サウ,37.620249,126.719731,사우(김포시청)
4927,GIMPO,697,풍무,Pungmu,丰舞,プンム,37.612488,126.732387,풍무
4928,GIMPO,698,고촌,Gochon,高村,コチョン,37.601243,126.770345,고촌
4929,GIMPO,699,김포공항,Gimpo Int'l Airport,金浦机场,キンポ空港,37.562360,126.801868,김포공항
9000,GTXA,X101,운정중앙,Unjeongjungang,雲井中央,ウンジョンジュンアン,37.716140,126.728410,운정중앙
9001,GTXA,X102,킨텍스,Kintex,韩国国际会展中心,キンテックス,37.665320,126.748430,킨텍스
9002,GTXA,X103,대곡,Daegok,大谷,テゴク,37.631910,126.811130,대곡
9004,GTXA,X105,연신내,Yeonsinnae,延新川,ヨンシンネ,37.618780,126.921300,연신내
9005,GTXA,X106,서울역,Seoul,首尔,ソウル,37.555690,126.972960,서울역
0008,GTXA,X108,수서,Suseo,水西,スソ,37.486370,127.101610,수서
0009,GTXA,X109,성남,Seongnam,城南,ソンナム,37.394670,127.120580,성남
0010,GTXA,X110,구성,Guseong,駒城,クソン,37.299130,127.103890,구성
0011,GTXA,X111,동탄,Dongtan,東灘,トンタン,37.200340,127.095690,동탄
1305,GYEONGCHUN,P116,광운대,Kwangwoon Univ.,光云大学,クァンウンデ,37.623632,127.061835,광운대
1306,GYEONGCHUN,P117,청량리,Cheongnyangni,淸凉里,チョンニャンニ,37.579956,127.044585,청량리(서울시립대입구)
1307,GYEONGCHUN,P118,회기,Hoegi,回基,フェギ,37.589460,127.057583,회기
1308,GYEONGCHUN,P119,중랑,Jungnang,中浪,チュンナン,37.594917,127.076116,중랑
1309,GYEONGCHUN,P120,상봉,Sangbong,上鳳,サンボン,37.596678,127.085040,상봉(시외버스터미널)
1310,GYEONGCHUN,P121,망우,Mangu,忘憂,マンウ,37.599550,127.091909,망우
1311,GYEONGCHUN,P122,신내,Sinnae,新內,シンネ,37.612887,127.103218,신내
1312,GYEONGCHUN,P123,갈매,Galmae,葛梅,カルメ,37.634118,127.114757,갈매
1313,GYEONGCHUN,P124,별내,Byeollae,別內,ピョルネ,37.642020,127.126840,별내
1314,GYEONGCHUN,P125,퇴계원,Toegyewon,退溪院,トェゲウォン,37.648311,127.143952,퇴계원
1315,GYEONGCHUN,P126,사릉,Sareung,思陵,サルン,37.651080,127.176933,사릉
1316,GYEONGCHUN,P127,금곡,Geumgok,金谷,クムゴク,37.637382,127.207853,금곡
1317,GYEONGCHUN,P128,평내호평,Pyeongnae Hopyeong,坪內好坪,ピョンネホピョン,37.653225,127.244493,평내호평
1318,GYEONGCHUN,P129,천마산,Cheonmasan,天摩山,チョンマサン,37.658978,127.285379,천마산
1319,GYEONGCHUN,P130,마석,Maseok,磨石,マソク,37.652782,127.311767,마석
1320,GYEONGCHUN,P131,대성리,Daeseong-ri,大成里,テソンニ,37.684071,127.379319,대성리
1321,GYEONGCHUN,P132,청평,Cheongpyeong,淸平,チョンピョン,37.735488,127.426610,청평
1322,GYEONGCHUN,P133,상천,Sangcheon,上泉,サンチョン,37.770246,127.454821,상천
1323,GYEONGCHUN,P134,가평,Gapyeong,加平,カピョン,37.814536,127.510739,가평
1324,GYEONGCHUN,P135,굴봉산,Gulbongsan,屈峰山,クルボンサン,37.832067,127.557695,굴봉산
1325,GYEONGCHUN,P136,백양리,Baegyang-ri,白楊里,ペギャンニ,37.830779,127.589330,백양리
1326,GYEONGCHUN,P137,강촌,Gangchon,江村,カンチョン,37.805723,127.634146,강촌
1327,GYEONGCHUN,P138,김유정,Gimyujeong,金裕貞,キミュジョン,37.818466,127.714340,김유정
1328,GYEONGCHUN,P139,남춘천,Namchuncheon,南春川,ナムチュンチョン,37.864007,127.723792,남춘천
1329,GYEONGCHUN,P140,춘천,Chuncheon,春川,チュンチョン,37.885054,127.717023,춘천
1501,GYEONGGANG,K409,판교,Pangyo,板橋,パンギョ,37.394761,127.111217,판교
1512,GYEONGGANG,K410,성남,Seongnam,城南,ソンナム,37.394680,127.119450,성남
1502,GYEONGGANG,K411,이매,Imae,二梅,イメ,37.394655,127.127819,이매
1503,GYEONGGANG,K412,삼동,Samdong,三洞,サムドン,37.409522,127.203360,삼동
1504,GYEONGGANG,K413,경기광주,GyeonggiGwangju,京畿廣州,キョンギクァンジュ,37.399907,127.252630,경기광주
1505,GYEONGGANG,K414,초월,Chowol,草月,チョウォル,37.374419,127.299000,초월
1506,GYEONGGANG,K415,곤지암,Gonjiam,昆池岩,コンジアム,37.351315,127.346740,곤지암
1507,GYEONGGANG,K416,신둔도예촌,Sindundoyechon,新屯陶藝村,シンドゥンドイェチョン,37.317185,127.404760,신둔도예촌
1508,GYEONGGANG,K417,이천,Icheon,利川,セジョンデワンヌン,37.265579,127.442260,이천
1509,GYEONGGANG,K418,부발,Bubal,夫鉢,プバル,37.260192,127.490277,부발
1510,GYEONGGANG,K419,세종대왕릉,Sejongdaewangneung,世宗大王陵,セジョンデワンヌン,37.295309,127.570938,세종대왕릉
1511,GYEONGGANG,K420,여주,Yeoju,驪州,ヨジュ,37.282308,127.628816,여주
100C,GYEONGUI,K110,용산,Yongsan,龙山,ヨンサン,37.529849,126.964561,용산
1008,GYEONGUI,K111,이촌,Ichon,二村,イチョン,37.522427,126.973406,이촌(국립중앙박물관)
1009,GYEONGUI,K112,서빙고,Seobinggo,西冰库,ソビンゴ,37.519594,126.988537,서빙고
1010,GYEONGUI,K113,한남,Hannam,汉南,ハンナム,37.529430,127.009169,한남
1011,GYEONGUI,K114,옥수,Oksu,玉水,オッス,37.540446,127.018672,옥수
1012,GYEONGUI,K115,응봉,Eungbong,鹰峰,ウンボン,37.549946,127.034538,응봉
1013,GYEONGUI,K116,왕십리,Wangsimni,往十里,ワンシムニ,37.561827,127.038352,왕십리(성동구청)
1014,GYEONGUI,K117,청량리,Cheongnyangni,清凉里,チョンニャンニ,37.580759,127.048300,청량리(서울시립대입구)
101C,GYEONGUI,K118,회기,Hoegi,回基,フェギ,37.589460,127.057583,회기
1201,GYEONGUI,K119,중랑,Jungnang,中浪,チュンナン,37.594917,127.076116,중랑
1202,GYEONGUI,K120,상봉,Sangbong,上凤,サンボン,37.596678,127.085040,상봉(시외버스터미널)
1203,GYEONGUI,K121,망우,Mangu,忘忧,マンウ,37.599550,127.091909,망우
1204,GYEONGUI,K122,양원,Yangwon,养源,ヤンウォン,37.606596,127.107906,양원
1205,GYEONGUI,K123,구리,Guri,九里,クリ,37.603392,127.143869,구리
1206,GYEONGUI,K124,도농,Donong,陶农,トノン,37.608806,127.161153,도농
1207,GYEONGUI,K125,양정,Yangjeong,养正,ヤンジョン,37.605330,127.193640,양정
1208,GYEONGUI,K126,덕소,Deokso,德沼,トッソ,37.586781,127.208832,덕소
1209,GYEONGUI,K127,도심,Dosim,陶深,トシム,37.579622,127.222672,도심
1210,GYEONGUI,K128,팔당,Paldang,八堂,パルタン,37.547371,127.243939,팔당
1211,GYEONGUI,K129,운길산,Ungilsan,云吉山,ウンギルサン,37.554669,127.310115,운길산
1212,GYEONGUI,K130,양수,Yangsu,兩水,ヤンス,37.545981,127.329098,양수
1213,GYEONGUI,K131,신원,Sinwon,新院,シヌォン,37.525545,127.372921,신원
1214,GYEONGUI,K132,국수,Guksu,菊秀,クッス,37.516169,127.399367,국수
1215,GYEONGUI,K133,아신,Asin,我新,アシン,37.513820,127.443173,아신
1216,GYEONGUI,K134,오빈,Obin,梧滨,オビン,37.506062,127.473868,오빈
1217,GYEONGUI,K135,양평,Yangpyeong,杨平,ヤンピョン,37.492773,127.491837,양평(경의중앙선)
1218,GYEONGUI,K136,원덕,Wondeok,元德,ウォンドク,37.468672,127.547076,원덕
1219,GYEONGUI,K137,용문,Yongmun,龙门,ヨンムン,37.482230,127.594647,용문
1220,GYEONGUI,K138,지평,Jipyeong,砥平,チピョン,37.476393,127.629874,지평
1262,GYEONGUI,K312,공덕,Gongdeok,孔德,コンドク,37.542596,126.952099,공덕
1263,GYEONGUI,K313,서강대,Sogang Univ.,西江大,ソガンデ,37.551881,126.935711,서강대
1264,GYEONGUI,K314,홍대입구,Hongik Univ.,弘益大学,ホンデイック,37.557641,126.926683,홍대입구
1265,GYEONGUI,K315,가좌,Gajwa,加佐,カジュア,37.568491,126.915487,가좌
1266,GYEONGUI,K316,디지털미디어시티,Digital Media City,数码媒体城,デジタルメディアシティ,37.577475,126.900453,디지털미디어시티
1267,GYEONGUI,K317,수색,Susaek,水色,スセク,37.580842,126.895611,수색
1268,GYEONGUI,K318,한국항공대,Korea Aerospace Univ.,韩国航空大学,ハングクハンゴンデ,37.602888,126.868387,화전
1269,GYEONGUI,K319,강매,Gangmae,江梅,カンメ,37.612314,126.843223,강매
1270,GYEONGUI,K320,행신,Haengsin,幸信,ヘンシン,37.612102,126.834146,행신
1271,GYEONGUI,K321,능곡,Neunggok,陵谷,ヌンゴク,37.618808,126.820783,능곡
0300,GYEONGUI,K322,대곡,Daegok,大谷,テゴク,37.631626,126.811024,대곡
1272,GYEONGUI,K323,곡산,Goksan,谷山,コッサン,37.645676,126.801762,곡산
1273,GYEONGUI,K324,백마,Baengma,白马,ペンマ,37.658239,126.794461,백마
1274,GYEONGUI,K325,풍산,Pungsan,枫山,プンサン,37.672346,126.786243,풍산
1275,GYEONGUI,K326,일산,Ilsan,一山,イルサン,37.682077,126.769846,일산
1276,GYEONGUI,K327,탄현,Tanhyeon,炭岘,タンヒョン,37.694023,126.761086,탄현
1277,GYEONGUI,K328,야당,Yadang,野塘,ヤダン,37.712327,126.761356,야당
1278,GYEONGUI,K329,운정,Unjeong,云井,ウンジョン,37.725826,126.767257,운정
1279,GYEONGUI,K330,금릉,Geumneung,金陵,クムヌン,37.751322,126.765347,금릉
1280,GYEONGUI,K331,금촌,Geumchon,金村,クムチョン,37.766217,126.774644,금촌
1282,GYEONGUI,K333,월롱,Wollong,月笼,ウォルロン,37.796188,126.792587,월롱
1283,GYEONGUI,K334,파주,Paju,坡州,パジュ,37.815298,126.792783,파주
1284,GYEONGUI,K335,문산,Munsan,汶山,ムンサン,37.854619,126.788047,문산
1286,GYEONGUI,K336,운천,Uncheon,云泉,ウンチョン,37.879942,126.769999,운천
1285,GYEONGUI,K337,임진강,Imjingang,臨津江,イムジンガン,37.888421,126.746765,임진강
1261,GYEONGUI,K826,효창공원앞,Hyochang Park,孝昌公园,ヒョチャンゴンウォンアプ,37.538579,126.962210,효창공원앞
1252,GYEONGUI,P312,신촌,Sinchon,新村,シンチョン,37.559733,126.942597,신촌(경의중앙선)
1251,GYEONGUI,P313,서울역,Seoul Station,首爾站,ソウル,37.557231,126.971030,서울
3107,INCHEON1,I107,검단호수공원,Geomdan Lake Park,黔丹湖水公園,コムダンホスゴンウォン,37.602440,126.688566,검단호수공원
3108,INCHEON1,I108,신검단중앙,Singeomdanjungang,新黔丹中央,シンゴムダンジュンアン,37.602676,126.698527,신검단중앙
3109,INCHEON1,I109,아라,Ara,北部法院·檢察廳,アラ,37.592259,126.713301,아라(북부법원·검찰청)
3110,INCHEON1,I110,계양,Gyeyang,桂阳,ケヤン,37.571449,126.735780,계양
3111,INCHEON1,I111,귤현,Gyulhyeon,橘岘,キュルチョン,37.566379,126.742654,귤현
3112,INCHEON1,I112,박촌,Bakchon,朴村,パクチョン,37.553703,126.745077,박촌
3113,INCHEON1,I113,임학,Imhak,林鹤,イムハク,37.545059,126.738665,임학
3114,INCHEON1,I114,계산,Gyesan,桂山,ケサン,37.543238,126.728128,계산
3115,INCHEON1,I115,경인교대입구,Gyeong-in Nat'l Univ. of Education,京仁教育大学,キョンインギョデイック,37.538157,126.722597,경인교대입구
3116,INCHEON1,I116,작전,Jakjeon,鹊田,チャクチョン,37.530415,126.722527,작전
3117,INCHEON1,I117,갈산,Galsan,葛山,カルサン,37.517268,126.721514,갈산
3118,INCHEON1,I118,부평구청,Bupyeong-gu Office,富平区厅,プピョングチョン,37.508407,126.720555,부평구청
3119,INCHEON1,I119,부평시장,Bupyeong Market,富平市場,富平市場,37.498383,126.722244,부평시장
3120,INCHEON1,I120,부평,Bupyeong,富平,プピョン,37.490535,126.723453,부평
3121,INCHEON1,I121,동수,Dongsu,东树,トンス,37.485312,126.718247,동수
3122,INCHEON1,I122,부평삼거리,Bupyeongsamgeori,富平丁字路口,プピョンサムゴリ,37.477679,126.710208,부평삼거리
3123,INCHEON1,I123,간석오거리,Ganseogogeori,间石五岔路口,カンソク・オゴリ,37.467048,126.707938,간석오거리
3124,INCHEON1,I124,인천시청,Incheon City Hall,仁川市廳,インチョンシチョン,37.457263,126.702143,인천시청
3125,INCHEON1,I125,예술회관,Arts Center,艺术会馆,イェスルフェグァン,37.449396,126.701012,예술회관
3126,INCHEON1,I126,인천터미널,Incheon Bus Terminal,仁川客运站,インチョンターミナル,37.442383,126.699706,인천터미널
3127,INCHEON1,I127,문학경기장,Munhak Sports Complex,文鹤体育场,ムンハク・キョンギジャン,37.434935,126.698579,문학경기장
3128,INCHEON1,I128,선학,Seonhak,仙鹤,ソンハク,37.426684,126.698863,선학
3129,INCHEON1,I129,신연수,Sinyeonsu,新延寿,シニョンス,37.418040,126.693863,신연수
3130,INCHEON1,I130,원인재,Woninjae,源仁斋,ウァニンジエ,37.412333,126.687869,원인재
3131,INCHEON1,I131,동춘,Dongchun,东春,トンチュン,37.404737,126.681015,동춘
3132,INCHEON1,I132,동막,Dongmak,东幕,トンマク,37.397878,126.674005,동막
3133,INCHEON1,I133,캠퍼스타운,Campus Town,大学城,キャンパスタウン,37.387855,126.661673,캠퍼스타운
3134,INCHEON1,I134,테크노파크,Technopark,科技园,テクノパーク,37.382268,126.656365,테크노파크
3135,INCHEON1,I135,지식정보단지,BIT Zone,知识信息园区,チシク・チョンボダンジ,37.378384,126.645168,지식정보단지
3136,INCHEON1,I136,인천대입구,Incheon Nat'l Univ.,仁川大学,インチョンデイック,37.386007,126.639484,인천대입구
3137,INCHEON1,I137,센트럴파크,Central Park,中央公园,セントラルパーク,37.393054,126.634729,센트럴파크
3138,INCHEON1,I138,국제업무지구,Intl. Business District,国际业务园区,ククチェオンムジグ,37.399907,126.630347,국제업무지구
3139,INCHEON1,I139,송도달빛축제공원,Songdo Moonlight Festival Park,松岛月光庆典公园,ソンドダルピッチュクチェゴンウォン,37.407143,126.625970,송도달빛축제공원
3201,INCHEON2,I201,검단오류,Geomdan Oryu,黔丹梧柳,黔丹梧柳,37.594877,126.627178,검단오류(검단산업단지)
3202,INCHEON2,I202,왕길,Wanggil,旺吉,旺吉,37.595180,126.642696,왕길
3203,INCHEON2,I203,검단사거리,Geomdan Sageori,黔丹十字路口,黔丹サゴリ,37.601850,126.657108,검단사거리
3204,INCHEON2,I204,마전,Majeon,麻田,麻田,37.597566,126.666998,마전
3205,INCHEON2,I205,완정,Wanjeong,完井,完井,37.592928,126.673203,완정
3206,INCHEON2,I206,독정,Dokjeong,篤亭,ドクチョン,37.585212,126.675844,독정
3207,INCHEON2,I207,검암,Geomam,黔岩,黔岩,37.568660,126.675687,검암
3208,INCHEON2,I208,검바위,Geombawi,黔石,コムバウィ,37.561405,126.677566,검바위
3209,INCHEON2,I209,아시아드경기장,Asiad Stadium,亚运会赛场,アジアード競技場,37.551700,126.677122,아시아드경기장(공촌사거리)
3210,INCHEON2,I210,서해구청,Seohae-gu Office,西区厅,西区庁,37.543742,126.676787,서구청
3211,INCHEON2,I211,가정,Gajeong,佳亭,佳亭,37.524649,126.675539,가정(루원시티)
3212,INCHEON2,I212,가정중앙시장,Gajeong Jungang Market,佳亭中央市场,佳亭中央市場,37.517054,126.676672,가정중앙시장
3213,INCHEON2,I213,석남,Seongnam,石南,石南,37.506193,126.676203,석남(거북시장)
3214,INCHEON2,I214,서부여성회관,West Woman's Community Center,西部女性会馆,ソブヨソンフェグァン,37.500168,126.675795,서부여성회관
3215,INCHEON2,I215,인천가좌,Incheon Gajwa,仁川佳佐,インチョンカジュア,37.489700,126.675208,인천가좌
3216,INCHEON2,I216,가재울,Gajaeul,蝲蛄溪,カジェウル,37.484192,126.683673,가재울
3217,INCHEON2,I217,주안국가산단,Juan National Industrial Complex,朱安国家産团,朱安国家産団,37.473703,126.681130,주안국가산단
3218,INCHEON2,I218,주안,Juan,朱安,朱安,37.464992,126.679098,주안
3219,INCHEON2,I219,시민공원,Citizens Park,市民公园,市民公園,37.458335,126.681192,시민공원(문화창작지대)
3220,INCHEON2,I220,석바위시장,Seokbawi Market,石岩市场,ソッバウィ市場,37.457611,126.692575,석바위시장
3221,INCHEON2,I221,인천시청,Inchon City Hall,仁川市厅,仁川市庁,37.456833,126.701306,인천시청
3222,INCHEON2,I222,석천사거리,Seokcheon Sageori,石泉十字路口,石泉サゴリ,37.456805,126.709986,석천사거리
3223,INCHEON2,I223,모래내시장,Moraenae Market,沙丘市场,モレネ市場,37.455830,126.719298,모래내시장
3224,INCHEON2,I224,만수,Mansu,万寿,萬寿,37.454911,126.732094,만수
3225,INCHEON2,I225,남동구청,Namdong-gu Office,南洞区厅,南洞区庁,37.448161,126.736939,남동구청
3226,INCHEON2,I226,인천대공원,Incheon Grand Park,仁川大公园,仁川大公園,37.448769,126.752618,인천대공원
3227,INCHEON2,I227,운연,Unyeon,云宴,雲宴,37.440127,126.759970,운연(서창)
1916,L1,100,소요산,Soyosan,逍遥山,ソヨサン,37.948100,127.061034,소요산
1917,L1,100-1,청산,Cheongsan,青山,チョンサン,37.981720,127.069120,청산
1918,L1,100-2,전곡,Jeongok,全谷,チョンゴク,38.024580,127.071800,전곡
1919,L1,100-3,연천,Yeoncheon,涟川,ヨンチョン,38.100730,127.073720,연천
1915,L1,101,동두천,Dongducheon,东豆川,トンドゥチョン,37.927878,127.054790,동두천
1914,L1,102,보산,Bosan,保山,ポサン,37.913702,127.057277,보산
1913,L1,103,동두천중앙,Dongducheonjungang,东豆川中央,トンドゥチョン・チュンアン,37.901885,127.056482,동두천중앙
1912,L1,104,지행,Jihaeng,纸杏,チヘン,37.892334,127.055716,지행
1911,L1,105,덕정,Deokjeong,德亭,トクチョン,37.843188,127.061277,덕정
1910,L1,106,덕계,Deokgye,德溪,トッケ,37.818486,127.056486,덕계
1909,L1,107,양주,Yangju,杨州,ヤンジュ,37.774381,127.044708,양주
1908,L1,108,녹양,Nogyang,绿杨,ノギャン,37.759380,127.042292,녹양
1907,L1,109,가능,Ganeung,佳陵,カヌン,37.748577,127.044213,가능
1906,L1,110,의정부,Uijeongbu,议政府,ウィジョンブ,37.738415,127.045958,의정부
1905,L1,111,회룡,Hoeryong,回龙,フェリョン,37.724416,127.047360,회룡
1904,L1,112,망월사,Mangwolsa,望月寺,マンウォルサ,37.709914,127.047455,망월사
1903,L1,113,도봉산,Dobongsan,道峰山,トボンサン,37.689534,127.046049,도봉산
1902,L1,114,도봉,Dobong,道峰,トボン,37.679563,127.045595,도봉
1901,L1,115,방학,Banghak,放鹤,パンハク,37.667503,127.044273,방학
1022,L1,116,창동,Chang-dong,仓洞,チャンドン,37.653088,127.047274,창동
1021,L1,117,녹천,Nokcheon,鹿川,ノクチョン,37.644799,127.051269,녹천
1020,L1,118,월계,Wolgye,月溪,ウォルゲ,37.633212,127.058831,월계
1019,L1,119,광운대,Kwangwoon Univ.,光云大,光云大,37.623632,127.061835,광운대
1018,L1,120,석계,Seokgye,石溪,ソッケ,37.614532,127.065934,석계
1017,L1,121,신이문,Sinimun,新里门,シニムン,37.601854,127.067325,신이문
1016,L1,122,외대앞,Hankuk Univ. of Foreign Studies,韩国外国语大学,ウェデアプ,37.596073,127.063549,외대앞
1015,L1,123,회기,Hoegi,回基,フェギ,37.589460,127.057583,회기
0158,L1,124,청량리,Cheongnyangni,清凉里,チョンニャンニ,37.579956,127.044585,청량리(서울시립대입구)
0157,L1,125,제기동,Jegi-dong,祭基洞,チェギドン,37.578103,127.034893,제기동
0156,L1,126,신설동,Sinseol-dong,新设洞,シンソルトン,37.576048,127.024634,신설동
0159,L1,127,동묘앞,Dongmyo,东庙,トンミョアプ,37.573197,127.016480,동묘앞
0155,L1,128,동대문,Dongdaemun,东大门,トンデムン,37.571687,127.010930,동대문
0154,L1,129,종로5가,Jongno 5(o)-ga,钟路五街,チョンノオガ,37.570926,127.001849,종로5가
0153,L1,130,종로3가,Jongno 3(sam)-ga,钟路三街,チョンノサムガ,37.570406,126.991847,종로3가
0152,L1,131,종각,Jonggak,钟阁,チョンガク,37.570161,126.982923,종각
0151,L1,132,시청,City Hall,市厅,シチョン,37.565715,126.977088,시청
0150,L1,133,서울역,Seoul Station,首尔,ソウル,37.556228,126.972135,서울
1002,L1,134,남영,Namyeong,南营,ナミョン,37.541021,126.971300,남영
1003,L1,135,용산,Yongsan,龙山,ヨンサン,37.529849,126.964561,용산
1004,L1,136,노량진,Noryangjin,鹭梁津,ノリャンジン,37.514149,126.942710,노량진
1005,L1,137,대방,Daebang,大方,テバン,37.513342,126.926382,대방
1032,L1,138,신길,Singil,新吉,シンギル,37.516862,126.917865,신길
1006,L1,139,영등포,Yeongdeungpo,永登浦,ヨンドゥンポ,37.515504,126.907628,영등포
1007,L1,140,신도림,Sindorim,新道林,シンドリム,37.508787,126.891144,신도림
1701,L1,141,구로,Guro,九老,クロ,37.503039,126.881966,구로
1813,L1,142,구일,Guil,九一,クイル,37.496756,126.870793,구일
1801,L1,143,개봉,Gaebong,开峰,ケボン,37.494594,126.859680,개봉
1802,L1,144,오류동,Oryu-dong,梧柳洞,オリュドン,37.494526,126.845365,오류동
1821,L1,145,온수,Onsu,温水,オンス,37.492433,126.824086,온수(성공회대입구)
1803,L1,146,역곡,Yeokgok,驿谷,ヨッコク,37.485178,126.811502,역곡
1814,L1,147,소사,Sosa,素砂,ソサ,37.482753,126.795440,소사
1804,L1,148,부천,Bucheon,富川,プチョン,37.484050,126.782686,부천
1822,L1,149,중동,Jung-dong,中洞,チュンドン,37.486562,126.764843,중동
1805,L1,150,송내,Songnae,松内,ソンネ,37.487600,126.753664,송내
1815,L1,151,부개,Bugae,富开,プゲ,37.488418,126.741090,부개
1806,L1,152,부평,Bupyeong,富平,プピョン,37.489445,126.724506,부평
1807,L1,153,백운,Baegun,白云,ペグン,37.483664,126.707704,백운
1808,L1,154,동암,Dongam,铜岩,トンアム,37.471408,126.702896,동암
1816,L1,155,간석,Ganseok,间石,カンソク,37.464737,126.694181,간석
1809,L1,156,주안,Juan,朱安,チュアン,37.465047,126.679742,주안
1823,L1,157,도화,Dohwa,道禾,トファ,37.466070,126.668672,도화
1810,L1,158,제물포,Jemulpo,济物浦,チェムルポ,37.466769,126.656666,제물포
1817,L1,159,도원,Dowon,桃源,トウォン,37.468446,126.642706,도원
1811,L1,160,동인천,Dongincheon,东仁川,トンインチョン,37.475276,126.632802,동인천
1812,L1,161,인천,Incheon,仁川,インチョン,37.476079,126.616801,인천
1702,L1,P142,가산디지털단지,Gasan Digital Complex,加山数码园区,カサン・デジタルダンジ,37.481581,126.882581,가산디지털단지
1714,L1,P143,독산,Doksan,秃山,トッサン,37.466613,126.889249,독산
1703,L1,P144,금천구청,Geumcheon-Gu Office,衿川区厅,クムチョングチョン,37.455626,126.893980,금천구청
1750,L1,P144-1,광명,Gwangmyeong,光明,クァンミョン,37.416182,126.884466,광명
1704,L1,P145,석수,Seoksu,石水,ソッス,37.435047,126.902295,석수
1705,L1,P146,관악,Gwanak,冠岳,クァナク,37.419232,126.908706,관악
1706,L1,P147,안양,Anyang,安养,アニヤン,37.401592,126.922874,안양
1707,L1,P148,명학,Myeonghak,鸣鹤,ミョンハク,37.384653,126.935433,명학
1708,L1,P149,금정,Geumjeong,衿井,クムジョン,37.372221,126.943429,금정
1709,L1,P150,군포,Gunpo,军浦,クンポ,37.353560,126.948462,군포
1729,L1,P151,당정,Dangjeong,堂井,タンジョン,37.344285,126.948345,당정
1710,L1,P152,의왕,Uiwang,儀王,ウィワン,37.320852,126.948217,의왕
1711,L1,P153,성균관대,Sungkyunkwan Univ.,成均馆大学,ソンギュングァンデ,37.300349,126.970750,성균관대
1712,L1,P154,화서,Hwaseo,华西,ファソ,37.283862,126.989627,화서
1713,L1,P155,수원,Suwon,水原,スウォン,37.266348,126.999561,수원
1715,L1,P156,세류,Seryu,细柳,セリュ,37.245025,127.013222,세류
1716,L1,P157,병점,Byeongjeom,饼店,ピョンチョム,37.207503,127.032731,병점
1749,L1,P157-1,서동탄,Seodongtan,西东滩,ソドンタン,37.195504,127.051672,서동탄
1717,L1,P158,세마,Sema,洗马,セマ,37.187533,127.043180,세마
1718,L1,P159,오산대,Osan College,乌山大学,オサンデ,37.168953,127.063197,오산대
1719,L1,P160,오산,Osan,乌山,オサン,37.145885,127.066720,오산
1720,L1,P161,진위,Jinwi,振威,チヌィ,37.109447,127.062278,진위
1721,L1,P162,송탄,Songtan,松炭,ソンタン,37.075696,127.054301,송탄
1722,L1,P163,서정리,Seojeong-ri,西井里,ソジョンニ,37.056496,127.052819,서정리
1723,L1,P164,평택지제,PyeongtaekJije,平泽芝制,ピョンテクチジェ,37.018800,127.070444,지제
1724,L1,P165,평택,Pyeongtaek,平泽,ピョンテク,36.990726,127.085159,평택
1725,L1,P166,성환,Seonghwan,成欢,ソンファン,36.916076,127.126964,성환
1726,L1,P167,직산,Jiksan,稷山,チッサン,36.870593,127.143904,직산
1727,L1,P168,두정,Dujeong,斗井,トゥジョン,36.833705,127.148960,두정
1728,L1,P169,천안,Cheonan,天安,チョナン,36.810005,127.146826,천안
1401,L1,P170,봉명,Bongmyeong,凤鸣,ポンミョン,36.801215,127.135763,봉명
1402,L1,P171,쌍용,Ssangyong,双龙,サンヨン,36.793759,127.121400,쌍용(나사렛대)
1403,L1,P172,아산,Asan,牙山,アサン,36.792053,127.104361,아산
1404,L1,P173,탕정,Tangjeong,汤井,タンジョン,36.788660,127.084850,탕정
1405,L1,P174,배방,Baebang,排芳,ペバン,36.777629,127.052991,배방
1407,L1,P176,온양온천,Onyang oncheon,温阳温泉,オニャンオンチョン,36.780483,127.003249,온양온천
1408,L1,P177,신창,Sinchang,新昌,シンチャン,36.769502,126.951108,신창(순천향대)
0201,L2,201,시청,City Hall,市廳,シチョン,37.563588,126.975411,시청
0202,L2,202,을지로입구,Euljiro 1(il)-ga,乙支路入口,ウルチロイック,37.566014,126.982618,을지로입구
0203,L2,203,을지로3가,Euljiro 3(sam)-ga,乙支路三街,ウルチロサムガ,37.566306,126.991696,을지로3가
0204,L2,204,을지로4가,Euljiro 4(sa)-ga,乙支路四街,ウルチロサガ,37.566595,126.997817,을지로4가
0205,L2,205,동대문역사문화공원,Dongdaemun History & Culture Park,东大门历史文化公园(DDP),トンデムンヨクサムンファゴンウォン(DDP),37.565613,127.009054,동대문역사문화공원
0206,L2,206,신당,Sindang,新堂,シンダン,37.565640,127.019614,신당
0207,L2,207,상왕십리,Sangwangsimni,上往十里,サンワンシムニ,37.564354,127.029354,상왕십리
0208,L2,208,왕십리,Wangsimni,往十里,ワンシムニ,37.561238,127.036954,왕십리(성동구청)
0209,L2,209,한양대,Hanyang Univ.,汉阳大学,ハニャンデ,37.555273,127.043655,한양대
0210,L2,210,뚝섬,Ttukseom,纛岛,トゥッソム,37.547184,127.047367,뚝섬
0211,L2,211,성수,Seongsu,圣水,ソンス,37.544581,127.055961,성수
0244,L2,211-1,용답,Yongdap,龙踏,ヨンダプ,37.561904,127.050899,용답
0245,L2,211-2,신답,Sindap,新踏,シンダプ,37.570040,127.046481,신답
0250,L2,211-3,용두,Yongdu,龙头(东大门区厅),ヨンドゥ,37.574028,127.038091,용두(동대문구청)
0246,L2,211-4,신설동,Sinseol-dong,新設洞,シンソルトン,37.574747,127.024932,신설동
0212,L2,212,건대입구,Konkuk Univ.,建国大学,コンデイック,37.540373,127.069191,건대입구
0213,L2,213,구의,Guui,九宜,クイ,37.537077,127.085916,구의(광진구청)
0214,L2,214,강변,Gangbyeon,江边(东首尔客运站),カンビョン,37.535095,127.094681,강변(동서울터미널)
0215,L2,215,잠실나루,Jamsillaru,蚕室渡口,チャムシルナル,37.520733,127.103790,잠실나루
0216,L2,216,잠실,Jamsil,蚕室(松坡区厅),チャムシル,37.513262,127.100159,잠실(송파구청)
0217,L2,217,잠실새내,Jamsilsaenae,蚕室新川,チャムシルセネ,37.511687,127.086162,잠실새내
0218,L2,218,종합운동장,Sports Complex,综合运动场,チョンハブンドンジャン,37.511022,127.073704,종합운동장
0219,L2,219,삼성,Samseong,三成(会展中心),サムソン(三成),37.508844,127.063160,삼성(무역센터)
0220,L2,220,선릉,Seolleung,宣陵,ソンルン,37.504286,127.048203,선릉
0221,L2,221,역삼,Yeoksam,驿三,ヨッサム,37.500622,127.036456,역삼
0222,L2,222,강남,Gangnam,江南,カンナム,37.497990,127.027912,강남
0223,L2,223,교대,Seoul Nat'l Univ. of Education,首尔教育大学,キョデ,37.493961,127.014667,교대(법원.검찰청)
0224,L2,224,서초,Seocho,瑞草,ソチョ,37.491897,127.007917,서초
0225,L2,225,방배,Bangbae,方背,パンベ,37.481426,126.997596,방배
0226,L2,226,사당,Sadang,舍堂,サダン,37.476538,126.981544,사당
0227,L2,227,낙성대,Nakseongdae,落星垈,ナクソンデ,37.476930,126.963693,낙성대
0228,L2,228,서울대입구,Seoul Nat'l Univ.,首尔大学(冠岳区厅),ソウルデイック,37.481247,126.952739,서울대입구(관악구청)
0229,L2,229,봉천,Bongcheon,奉天,ポンチョン,37.482362,126.941892,봉천
0230,L2,230,신림,Sillim,新林,シンリム,37.484201,126.929715,신림
0231,L2,231,신대방,Sindaebang,新大方,シンデバン,37.487462,126.913149,신대방
0232,L2,232,구로디지털단지,Guro Digital Complex,九老数码园区,クロ・デジタルダンジ,37.485266,126.901401,구로디지털단지
0233,L2,233,대림,Daerim,大林(九老区厅),テリム,37.493243,126.894932,대림(구로구청)
0234,L2,234,신도림,Sindorim,新道林,シンドリム,37.508961,126.891084,신도림
0247,L2,234-1,도림천,Dorimcheon,道林川,トリムチョン,37.514287,126.882768,도림천
0248,L2,234-2,양천구청,Yangcheon-gu Office,阳川区厅,ヤンチョングチョン,37.512398,126.865819,양천구청
0249,L2,234-3,신정네거리,Sinjeongnegeori,新亭十字路口,シンジョンネゴリ,37.520074,126.852912,신정네거리
0200,L2,234-4,까치산,Kkachisan,喜鹊山,カチサン,37.531768,126.846683,까치산
0235,L2,235,문래,Mullae,文來,ムンレ,37.517933,126.894760,문래
0236,L2,236,영등포구청,Yeongdeungpo-gu Office,永登浦区厅,ヨンドゥンポグチョン,37.525706,126.896610,영등포구청
0237,L2,237,당산,Dangsan,堂山,タンサン,37.534946,126.902767,당산
0238,L2,238,합정,Hapjeong,合井,ハプチョン,37.549457,126.913808,합정
0239,L2,239,홍대입구,Hongik Univ.,弘益大学,ホンデイック,37.556790,126.923708,홍대입구
0240,L2,240,신촌,Sinchon,新村,シンチョン(新村),37.555131,126.936926,신촌
0241,L2,241,이대,Ewha Womans Univ.,梨花女子大学,イデ,37.556733,126.946013,이대
0242,L2,242,아현,Ahyeon,阿岘,アヒョン,37.557345,126.956141,아현
0243,L2,243,충정로,Chungjeongno,忠正路(京畿大学),チュンジョンノ,37.559704,126.964378,충정로(경기대입구)
1958,L3,309,대화,Daehwa,大化,大化,37.676087,126.747569,대화
1957,L3,310,주엽,Juyeop,注葉,注葉,37.670072,126.761334,주엽
1956,L3,311,정발산,Jeongbalsan,鼎鉢山,鼎鉢山,37.659477,126.773359,정발산
1955,L3,312,마두,Madu,馬頭,馬頭,37.652206,126.777620,마두
1954,L3,313,백석,Baekseok,白石,白石,37.643114,126.787870,백석
1953,L3,314,대곡,Daegok,大谷,大谷,37.631626,126.811024,대곡
1952,L3,315,화정,Hwajeong,花井,花井,37.634592,126.832650,화정
1951,L3,316,원당,Wondang,元堂,元堂,37.653324,126.843041,원당
1948,L3,317,원흥,Wonheung,元興,ウォンフン,37.650658,126.872642,원흥
1950,L3,318,삼송,Samsong,三松,三松,37.653083,126.895558,삼송
0309,L3,319,지축,Jichuk,纸杻,チチュク,37.648033,126.913917,지축
0310,L3,320,구파발,Gupabal,旧把拨,クパバル,37.636763,126.918821,구파발
0311,L3,321,연신내,Yeonsinnae,延新川,ヨンシンネ,37.619229,126.921038,연신내
0312,L3,322,불광,Bulgwang,佛光,プルグァン,37.610553,126.929820,불광
0313,L3,323,녹번,Nokbeon,碌磻,ノッポン,37.600927,126.935756,녹번
0314,L3,324,홍제,Hongje,弘济,ホンジェ,37.589066,126.943736,홍제
0315,L3,325,무악재,Muakjae,毋岳岭,ムアクチェ,37.582299,126.950291,무악재
0316,L3,326,독립문,Dongnimmun,独立门,トンニンムン,37.574571,126.957748,독립문
0317,L3,327,경복궁,Gyeongbokgung,景福宫(政府首尔厅舍),キョンボックン,37.575762,126.973530,경복궁(정부서울청사)
0318,L3,328,안국,Anguk,安国,アングク,37.576477,126.985443,안국
0319,L3,329,종로3가,Jongno 3(sam)-ga,钟路三街,チョンノサムガ,37.571605,126.991791,종로3가
0320,L3,330,을지로3가,Euljiro 3(sam)-ga,乙支路三街,ウルチロサムガ,37.566672,126.992548,을지로3가
0321,L3,331,충무로,Chungmuro,忠武路,チュンムロ,37.561430,126.994072,충무로
0322,L3,332,동대입구,Dongguk Univ.,东国大学,トンデイック,37.559052,127.005602,동대입구
0323,L3,333,약수,Yaksu,药水,ヤクス,37.554867,127.010541,약수
0324,L3,334,금호,Geumho,金湖,クムホ,37.548034,127.015872,금호
0325,L3,335,옥수,Oksu,玉水,オクス,37.541684,127.017269,옥수
0326,L3,336,압구정,Apgujeong,狎鸥亭,アックジョン,37.527072,127.028461,압구정
0327,L3,337,신사,Sinsa,新沙,シンサ,37.516334,127.020114,신사
0328,L3,338,잠원,Jamwon,蚕院,チャムォン,37.512759,127.011220,잠원
0329,L3,339,고속터미널,Express Bus Terminal,高速巴士客运站,コソクターミナル,37.504891,127.004916,고속터미널
0330,L3,340,교대,Seoul Nat'l Univ. of Education,首尔教育大学,キョデ,37.493025,127.013786,교대(법원.검찰청)
0331,L3,341,남부터미널,Nambu Bus Terminal,南部客运站,ナンブターミナル,37.485013,127.016189,남부터미널(예술의전당)
0332,L3,342,양재,Yangjae,良才(瑞草区厅),ヤンジェ,37.484477,127.033902,양재(서초구청)
0333,L3,343,매봉,Maebong,梅峰,メボン,37.486947,127.046769,매봉
0334,L3,344,도곡,Dogok,道谷,トゴク,37.490922,127.055452,도곡
0335,L3,345,대치,Daechi,大峙,テチ,37.494612,127.063642,대치
0336,L3,346,학여울,Hangnyeoul,鹤滩,ハンニョウル,37.496663,127.070594,학여울
0337,L3,347,대청,Daecheong,大厅,テチョン,37.493514,127.079532,대청
0338,L3,348,일원,Irwon,逸院,イルォン,37.483681,127.084390,일원
0339,L3,349,수서,Suseo,水西,スソ,37.487378,127.101907,수서
0340,L3,350,가락시장,Garak Market,可乐市场,カラク・シジャン,37.492245,127.117757,가락시장
0341,L3,351,경찰병원,National Police Hospital,警察医院,キョンチャル・ピョンウォン,37.495918,127.124540,경찰병원
0342,L3,352,오금,Ogeum,梧琴,オグム,37.502129,127.128319,오금
0405,L4,405,진접,Jinjeop,榛接,チンジョプ,37.720500,127.203400,진접
0406,L4,406,오남,Onam,梧南,オナム,37.705000,127.192810,오남
0408,L4,408,별내별가람,Byeollae Byeolgaram,別內星江,ピョルネビョルガラム,37.667780,127.115810,별내별가람
0409,L4,409,불암산,Buramsan,佛岩山,プラムサン,37.670272,127.079066,불암산
0410,L4,410,상계,Sanggye,上溪,サンゲ,37.660878,127.073572,상계
0411,L4,411,노원,Nowon,芦原,ノウォン,37.656270,127.063276,노원
0412,L4,412,창동,Chang-dong,仓洞,チャンドン,37.653088,127.047274,창동
0413,L4,413,쌍문,Ssangmun,双门,サンムン,37.648627,127.034709,쌍문
0414,L4,414,수유,Suyu,水逾(江北区厅),スユ,37.638052,127.025732,수유(강북구청)
0415,L4,415,미아,Mia,弥阿(首尔网络大学),ミア,37.626670,127.025983,미아(서울사이버대학)
0416,L4,416,미아사거리,Miasageori,弥阿十字路口,ミアサゴリ,37.613292,127.030053,미아사거리
0417,L4,417,길음,Gireum,吉音,キルム,37.603407,127.025053,길음
0418,L4,418,성신여대입구,Sungshin Women's Univ.,诚信女子大学(敦岩),ソンシンヨデイック,37.592612,127.016441,성신여대입구(돈암)
0419,L4,419,한성대입구,Hansung Univ.,汉城大学,ハンソンデイック,37.588458,127.006221,한성대입구(삼선교)
0420,L4,420,혜화,Hyehwa,惠化,ヘファ,37.582336,127.001844,혜화
0421,L4,421,동대문,Dongdaemun,东大门,トンデムン,37.570930,127.009287,동대문
0422,L4,422,동대문역사문화공원,Dongdaemun History & Culture Park,东大门历史文化公园,トンデムンヨクサムンファゴンウォン,37.565133,127.007885,동대문역사문화공원
0423,L4,423,충무로,Chungmuro,忠武路,チュンムロ,37.561207,126.994080,충무로
0424,L4,424,명동,Myeong-dong,明洞,ミョンドン,37.560989,126.986325,명동
0425,L4,425,회현,Hoehyeon,会贤(南大门市场),フェヒョン,37.558514,126.978246,회현(남대문시장)
0426,L4,426,서울역,Seoul Station,首尔站,ソウルヨク,37.552810,126.972556,서울
0427,L4,427,숙대입구,Sookmyung Women's Univ.,淑明女子大学(葛月),スクテイック,37.544560,126.972106,숙대입구(갈월)
0428,L4,428,삼각지,Samgakji,三角地,サムガクチ,37.534075,126.972600,삼각지
0429,L4,429,신용산,Sinyongsan,新龙山,シニョンサン,37.529170,126.967894,신용산
0430,L4,430,이촌,Ichon,二村,イチョン,37.522295,126.974733,이촌(국립중앙박물관)
0431,L4,431,동작,Dongjak,铜雀(显忠院),トンジャク,37.502852,126.980347,동작(현충원)
0432,L4,432,총신대입구,Chongshin Univ.,总神大学,チョンシンデイック,37.486263,126.981989,총신대입구(이수)
0433,L4,433,사당,Sadang,舍堂,サダン,37.476955,126.981651,사당
0434,L4,434,남태령,Namtaeryeong,南泰岭,ナムテリョン,37.463873,126.989134,남태령
1450,L4,435,선바위,Seonbawi,立岩,ソンバウィ,37.451673,127.002303,선바위
1451,L4,436,경마공원,Seoul Racecourse Park,赛马公园,キョンマゴンウォン,37.443885,127.007888,경마공원
1452,L4,437,대공원,Seoul Grand Park,首尔大公园,テゴンウォン,37.435675,127.006523,대공원
1453,L4,438,과천,Gwacheon,果川,クァチョン,37.433021,126.996568,과천
1454,L4,439,정부과천청사,Government Complex Gwacheon,政府果川厅舍,チョンブ・クァチョンチョンサ,37.426513,126.989780,정부과천청사
1455,L4,440,인덕원,Indeogwon,仁德院,インドグォン,37.401553,126.976715,인덕원
1456,L4,441,평촌,Pyeongchon,坪村,ピョンチョン,37.394287,126.963883,평촌
1457,L4,442,범계,Beomgye,凡溪,ポムゲ,37.389793,126.950806,범계
1458,L4,443,금정,Geumjeong,衿井,クムジョン,37.372209,126.943417,금정
1751,L4,444,산본,Sanbon,山本,サンボン,37.358101,126.933274,산본
1763,L4,445,수리산,Surisan,修理山,スリサン,37.349801,126.925365,수리산
1752,L4,446,대야미,Daeyami,大夜味,テヤミ,37.328467,126.917332,대야미
1753,L4,447,반월,Banwol,半月,パヌォル,37.312212,126.903524,반월
1754,L4,448,상록수,Sangnoksu,常绿树,サンロッス,37.302795,126.866489,상록수
1755,L4,449,한대앞,Hanyang Univ. at Ansan,汉阳大学,ハンデアプ,37.309689,126.853440,한대앞
1756,L4,450,중앙,Jungang,中央,チュンアン,37.315941,126.838573,중앙
1757,L4,451,고잔,Gojan,古栈,コジャン,37.316784,126.823144,고잔
1758,L4,452,초지,Choji,草芝,チョジ,37.320646,126.805913,초지
1759,L4,453,안산,Ansan,安山,アンサン,37.327082,126.788532,안산
1760,L4,454,신길온천,Neunggil,新吉温泉,シンギル・オンチョン,37.338212,126.765844,신길온천
1761,L4,455,정왕,Jeongwang,正往,チョンワン,37.351735,126.742989,정왕
1762,L4,456,오이도,Oido,乌耳岛,オイド,37.362357,126.738714,오이도
2511,L5,510,방화,Banghwa,傍花,パンファ,37.577446,126.812741,방화
2512,L5,511,개화산,Gaehwasan,开花山,ケファサン,37.572399,126.806171,개화산
2513,L5,512,김포공항,Gimpo Intl. Airport,金浦机场,キンポゴンハン,37.562384,126.801292,김포공항
2514,L5,513,송정,Songjeong,松亭,ソンジョン,37.561184,126.811973,송정
2515,L5,514,마곡,Magok,麻谷,マゴク,37.560183,126.825448,마곡
2516,L5,515,발산,Balsan,钵山,パルサン,37.558598,126.837668,발산
2517,L5,516,우장산,Ujangsan,雨装山,ウジャンサン,37.548768,126.836318,우장산
2518,L5,517,화곡,Hwagok,禾谷,ファゴク,37.541513,126.840461,화곡
2519,L5,518,까치산,Kkachisan,喜鹊山,カチサン,37.531768,126.846683,까치산
2520,L5,519,신정,Sinjeong,新亭,シンジョン,37.524997,126.856191,신정(은행정)
2521,L5,520,목동,Mok-dong,木洞,モクトン,37.526065,126.864931,목동
2522,L5,521,오목교,Omokgyo,梧木桥,オモッキョ,37.524496,126.875181,오목교(목동운동장앞)
2523,L5,522,양평,Yangpyeong,杨坪,ヤンピョン,37.525569,126.886129,양평
2524,L5,523,영등포구청,Yeongdeungpo-gu Office,永登浦区厅,ヨンドゥンポグチョン,37.524200,126.895030,영등포구청
2525,L5,524,영등포시장,Yeongdeungpo Market,永登浦市场,ヨンドゥンポシジャン,37.522669,126.905139,영등포시장
2526,L5,525,신길,Singil,新吉,シンギル,37.517623,126.914839,신길
2527,L5,526,여의도,Yeouido,汝矣岛,ヨイド,37.521747,126.924357,여의도
2528,L5,527,여의나루,Yeouinaru,汝矣渡口,ヨイナル,37.527098,126.932901,여의나루
2529,L5,528,마포,Mapo,麻浦,マポ,37.539574,126.945932,마포
2530,L5,529,공덕,Gongdeok,孔德,コンドク,37.544431,126.951372,공덕
2531,L5,530,애오개,Aeogae,儿岭,エオゲ,37.553736,126.956820,애오개
2532,L5,531,충정로,Chungjeongno,忠正路,チュンジョンノ,37.560236,126.962900,충정로(경기대입구)
2533,L5,532,서대문,Seodaemun,西大门,ソデムン,37.565773,126.966641,서대문
2534,L5,533,광화문,Gwanghwamun,光化门,クァンファムン,37.571525,126.977170,광화문(세종문화회관)
2535,L5,534,종로3가,Jongno 3(sam)-ga,钟路三街,チョンノサムガ,37.572540,126.990305,종로3가
2536,L5,535,을지로4가,Euljiro 4(sa)-ga,乙支路四街,ウルチロサガ,37.567352,126.998032,을지로4가
2537,L5,536,동대문역사문화공원,Dongdaemun History & Culture Park,东大门历史文化公园,トンデムンヨクサムンファゴンウォン,37.564665,127.005353,동대문역사문화공원
2538,L5,537,청구,Cheonggu,青丘,チョング,37.560276,127.013639,청구
2539,L5,538,신금호,Singeumho,新金湖,シングムホ,37.554548,127.020331,신금호
2540,L5,539,행당,Haengdang,杏堂,ヘンダン,37.557322,127.029476,행당
2541,L5,540,왕십리,Wangsimni,往十里,ワンシムニ,37.561840,127.037059,왕십리(성동구청)
2542,L5,541,마장,Majang,马场,マジャン,37.566100,127.042973,마장
2543,L5,542,답십리,Dapsimni,踏十里,タプシムニ,37.566747,127.052704,답십리
2544,L5,543,장한평,Janghanpyeong,长汉坪,チャンハンピョン,37.561440,127.064623,장한평
2545,L5,544,군자,Gunja,君子,クンジャ,37.557088,127.079577,군자(능동)
2546,L5,545,아차산,Achasan,峨嵯山,アチャサン,37.551691,127.089761,아차산(어린이대공원후문)
2547,L5,546,광나루,Gwangnaru,广渡口,クァンナル,37.545303,127.103570,광나루(장신대)
2548,L5,547,천호,Cheonho,千戶,チョンホ,37.538640,127.123308,천호(풍납토성)
2549,L5,548,강동,Gangdong,江东,カンドン,37.535804,127.132481,강동
2550,L5,549,길동,Gil-dong,吉洞,キルトン,37.537801,127.140004,길동
2551,L5,550,굽은다리,Gubeundari,曲桥,クブンダリ,37.545477,127.142853,굽은다리(강동구민회관앞)
2552,L5,551,명일,Myeongil,明逸,ミョンイル,37.551370,127.143999,명일
2553,L5,552,고덕,Godeok,高德,コドク,37.555004,127.154151,고덕
2554,L5,553,상일동,Sangil-dong,上一洞,サンイルトン,37.556712,127.166417,상일동
2562,L5,554,강일,Gangil,江一,カンイル,37.557490,127.175930,강일
2563,L5,555,미사,Misa,渼沙,ミサ,37.560927,127.193877,미사
2564,L5,556,하남풍산,Hanam Pungsan,河南丰山,ハナンプンサン,37.552034,127.203864,하남풍산
2565,L5,557,하남시청,Hanam City Hall,河南市厅,ハナムシチョン,37.542050,127.206120,하남시청(덕풍-신장)
2566,L5,558,하남검단산,Hanam Geomdansan,河南黔丹山,ハナムゴムダンサン,37.539720,127.223450,하남검단산
2555,L5,P549,둔촌동,Dunchon-dong,遁村洞,トゥンチョンドン,37.527788,127.136248,둔촌동
2556,L5,P550,올림픽공원,Olympic Park,奥林匹克公园,オリンピックゴンウォン,37.516201,127.130923,올림픽공원(한국체대)
2557,L5,P551,방이,Bangi,芳荑,パンイ,37.508857,127.126133,방이
2558,L5,P552,오금,Ogeum,梧琴,オグム,37.502057,127.127938,오금
2559,L5,P553,개롱,Gaerong,开笼,ケロン,37.498079,127.134820,개롱
2560,L5,P554,거여,Geoyeo,巨余,コヨ,37.493105,127.144150,거여
2561,L5,P555,마천,Macheon,马川,マチョン,37.494990,127.152781,마천
2611,L6,610,응암,Eungam,鹰岩,ウンアム,37.598605,126.915577,응암순환(상선)
2612,L6,611,역촌,Yeokchon,驿村,ヨクチョン,37.606021,126.922744,역촌
2613,L6,612,불광,Bulgwang,佛光,プルグァン,37.610873,126.929390,불광
2614,L6,613,독바위,Dokbawi,瓮岩,トッパウィ,37.618456,126.933031,독바위
2615,L6,614,연신내,Yeonsinnae,延新川,ヨンシンネ,37.618636,126.920625,연신내
2616,L6,615,구산,Gusan,龟山,クサン,37.611377,126.917270,구산
2617,L6,616,새절,Saejeol,赛折,セジョル,37.591148,126.913629,새절(신사)
2618,L6,617,증산,Jeungsan,缯山,チュンサン,37.583876,126.909645,증산(명지대앞)
2619,L6,618,디지털미디어시티,Digital Media City,数码媒体城,デジタルメディアシティ,37.576108,126.901391,디지털미디어시티
2620,L6,619,월드컵경기장,World Cup Stadium,世界杯体育场,ワールドカップ・キョンギジャン,37.569532,126.899298,월드컵경기장(성산)
2621,L6,620,마포구청,Mapo-gu Office,麻浦区厅,マポグチョン,37.563515,126.903343,마포구청
2622,L6,621,망원,Mangwon,望远,マンウォン,37.556094,126.910052,망원
2623,L6,622,합정,Hapjeong,合井,ハプチョン,37.549209,126.913366,합정
2624,L6,623,상수,Sangsu,上水,サンス,37.547716,126.922852,상수
2625,L6,624,광흥창,Gwangheungchang,广兴仓,クァンフンチャン,37.547456,126.931993,광흥창(서강)
2626,L6,625,대흥,Daeheung,大兴,テフン,37.547771,126.942069,대흥(서강대앞)
2627,L6,626,공덕,Gongdeok,孔德,コンドク,37.543555,126.951678,공덕
2628,L6,627,효창공원앞,Hyochang park,孝昌公园,ヒョチャンゴンウォンアプ,37.539233,126.961384,효창공원앞
2629,L6,628,삼각지,Samgakji,三角地,サムガクチ,37.535534,126.974032,삼각지
2630,L6,629,녹사평,Noksapyeong,绿莎坪,ノッサピョン,37.534675,126.986695,녹사평(용산구청)
2631,L6,630,이태원,Itaewon,梨泰院,イテウォン,37.534488,126.994302,이태원
2632,L6,631,한강진,Hangangjin,汉江镇,ハンガンジン,37.539631,127.001725,한강진
2633,L6,632,버티고개,Beotigogae,波堤岭,ポティゴゲ,37.548013,127.007055,버티고개
2634,L6,633,약수,Yaksu,药水,ヤッス,37.554263,127.010358,약수
2635,L6,634,청구,Cheonggu,青丘,チョング,37.560608,127.013986,청구
2636,L6,635,신당,Sindang,新堂,シンダン,37.566154,127.016146,신당
2637,L6,636,동묘앞,Dongmyo,东庙,トンミョアプ,37.572279,127.015653,동묘앞
2638,L6,637,창신,Changsin,昌信,チャンシン,37.579661,127.015241,창신
2639,L6,638,보문,Bomun,普门,ポムン,37.585274,127.019351,보문
2640,L6,639,안암,Anam,安岩,アナム,37.586272,127.029005,안암(고대병원앞)
2641,L6,640,고려대,Korea Univ.,高丽大学,コリョデ,37.590508,127.036296,고려대(종암)
2642,L6,641,월곡,Wolgok,月谷,ウォルゴク,37.601948,127.041518,월곡(동덕여대)
2643,L6,642,상월곡,Sangwolgok,上月谷,サンウォルゴク,37.606377,127.048491,상월곡(한국과학기술연구원)
2644,L6,643,돌곶이,Dolgoji,石串,トルゴジ,37.610537,127.056431,돌곶이
2645,L6,644,석계,Seokgye,石溪,ソッケ,37.614872,127.065595,석계
2646,L6,645,태릉입구,Taereung,泰陵,テルンイック,37.617338,127.074735,태릉입구
2647,L6,646,화랑대,Hwarangdae,花郞台,ファランデ,37.620064,127.084689,화랑대(서울여대입구)
2648,L6,647,봉화산,Bonghwasan,烽火山,ポンファサン,37.617283,127.091401,봉화산(서울의료원)
2649,L6,648,신내,Sinnae,新內,シンネ,37.613174,127.102231,신내
2711,L7,709,장암,Jangam,长岩,チャンアム,37.700109,127.053196,장암
2712,L7,710,도봉산,Dobongsan,道峰山,トボンサン,37.689241,127.046509,도봉산
2713,L7,711,수락산,Suraksan,水落山,スラッサン,37.677850,127.055315,수락산
2714,L7,712,마들,Madeul,马得,マドゥル,37.664940,127.057675,마들
2715,L7,713,노원,Nowon,芦原,ノウォン,37.654836,127.060462,노원
2716,L7,714,중계,Junggye,中溪,チュンゲ,37.644583,127.064303,중계
2717,L7,715,하계,Hagye,下溪,ハゲ,37.636352,127.067990,하계
2718,L7,716,공릉,Gongneung,孔陵,コンヌン,37.625742,127.072896,공릉(서울과학기술대)
2719,L7,717,태릉입구,Taereung,泰陵,テルンイック,37.618294,127.075397,태릉입구
2720,L7,718,먹골,Meokgol,墨谷,モッコル,37.610637,127.077725,먹골
2721,L7,719,중화,Junghwa,中和,チュンファ,37.602545,127.079264,중화
2722,L7,720,상봉,Sangbong,上凤(市外巴士客运站),サンボン,37.595577,127.085716,상봉(시외버스터미널)
2723,L7,721,면목,Myeonmok,面牧,ミョンモク,37.588579,127.087503,면목
2724,L7,722,사가정,Sagajeong,四佳亭,サガジョン,37.580894,127.088478,사가정
2725,L7,723,용마산,Yongmasan,龙马山,ヨンマサン,37.573647,127.086727,용마산
2726,L7,724,중곡,Junggok,中谷,チュンゴク,37.565923,127.084320,중곡
2727,L7,725,군자,Gunja,君子,クンジャ,37.556897,127.079338,군자(능동)
2728,L7,726,어린이대공원,Children's Grand Park,儿童大公园,オリニ・テゴンウォン,37.548014,127.074658,어린이대공원(세종대)
2729,L7,727,건대입구,Konkuk Univ.,建国大学,コンデイック,37.540786,127.071011,건대입구
2730,L7,728,자양,Jayang,紫阳,チャヤン,37.531540,127.066704,뚝섬유원지
2731,L7,729,청담,Cheongdam,清潭,チョンダム,37.519365,127.053350,청담
2732,L7,730,강남구청,Gangnam-gu Office,江南区厅,カンナムグチョン,37.517179,127.041255,강남구청
2733,L7,731,학동,Hak-dong,鹤洞,ハクトン,37.514229,127.031656,학동
2734,L7,732,논현,Nonhyeon,论岘,ノンヒョン,37.511093,127.021415,논현
2735,L7,733,반포,Banpo,盘浦,パンポ,37.508178,127.011727,반포
2736,L7,734,고속터미널,Express Bus Terminal,高速巴士客运站,コソクターミナル,37.503367,127.005068,고속터미널
2737,L7,735,내방,Naebang,內方,ネバン,37.487618,126.993513,내방
2738,L7,736,이수,Isu,梨水,イス,37.485196,126.981605,총신대입구(이수)
2739,L7,737,남성,Namseong,南城,ナムソン,37.484596,126.971251,남성
2740,L7,738,숭실대입구,Soongsil Univ.,崇实大学(赛毗岭),スンシルデイック,37.496029,126.953822,숭실대입구(살피재)
2741,L7,739,상도,Sangdo,上道,サンド,37.502834,126.947910,상도
2742,L7,740,장승배기,Jangseungbaegi,长丞拜基,チャンスンベギ,37.504898,126.939150,장승배기
2743,L7,741,신대방삼거리,Sindaebangsamgeori,新大方丁字路口,シンデバンサムゴリ,37.499701,126.928276,신대방삼거리
2744,L7,742,보라매,Boramae,波拉美,ポラメ,37.499872,126.920428,보라매
2745,L7,743,신풍,Sinpung,新丰,シンプン,37.500080,126.909930,신풍
2746,L7,744,대림,Daerim,大林,テリム,37.493013,126.897075,대림(구로구청)
2747,L7,745,남구로,Namguro,南九老,ナムグロ,37.486056,126.887249,남구로
2748,L7,746,가산디지털단지,Gasan Digital Complex,加山数码园区,カサン・デジタルダンジ,37.480338,126.882656,가산디지털단지
2749,L7,747,철산,Cheolsan,铁山,チョルサン,37.476050,126.867911,철산
2750,L7,748,광명사거리,Gwangmyeongsageori,光明十字路口,クァンミョンサゴリ,37.479252,126.854876,광명사거리
2751,L7,749,천왕,Cheonwang,天旺,チョヌァン,37.486637,126.838713,천왕
2752,L7,750,온수,Onsu,温水,オンス,37.492092,126.823023,온수(성공회대입구)
3753,L7,751,까치울,Kkachiul,喜鹊屋,カチウル,37.506207,126.810939,까치울
3754,L7,752,부천종합운동장,Bucheon Stadium,富川综合运动场,プチョンジョンハブンドンジャン,37.505380,126.797337,부천종합운동장
3755,L7,753,춘의,Chunui,春衣,チュニ,37.503663,126.787036,춘의
3756,L7,754,신중동,Sinjung-dong,新中洞,シンジュンドン,37.503048,126.775960,신중동
3757,L7,755,부천시청,Bucheon City Hall,富川市厅,プチョンシチョン,37.504631,126.763538,부천시청
3758,L7,756,상동,Sang-dong,上洞,サンドン,37.505781,126.753083,상동
3759,L7,757,삼산체육관,Samsan Gymnasium,三山体育馆,サムサン・チェユックァン,37.506411,126.742153,삼산체육관
3760,L7,758,굴포천,Gulpocheon,掘浦川,クルポチョン,37.506997,126.731280,굴포천
3761,L7,759,부평구청,Bupyeong-gu Office,富平区厅,プピョングチョン,37.507394,126.721599,부평구청
3762,L7,760,산곡,Sangok,山谷,サンゴク,37.508600,126.703528,산곡
3763,L7,761,석남,Seongnam,石南,石南,37.506228,126.676281,석남(거북시장)
2805,L8,804,별내,Byeollae,別內,ピョルネ,37.642320,127.127600,별내
2806,L8,805,다산,Dasan,茶山,タサン,37.624290,127.149730,다산
2807,L8,806,동구릉,Donggureung,东九陵,トングルン,37.611050,127.137930,동구릉
2808,L8,807,구리,Guri,九里,クリ,37.602620,127.140700,구리
2809,L8,808,장자호수공원,Jangja Lake Park,长者湖水公园,チャンジャホスゴンウォン,37.587380,127.137940,장자호수공원
2810,L8,809,암사역사공원,Amsa History Park,岩寺历史公园,アムサヨクサゴンウォン,37.556950,127.137020,암사역사공원
2811,L8,810,암사,Amsa,岩寺,アムサ,37.550210,127.127562,암사
2812,L8,811,천호,Cheonho,千戶,チョンホ,37.538113,127.123254,천호(풍납토성)
2813,L8,812,강동구청,Gangdong-gu Office,江东区厅,カンドングチョン,37.530341,127.120508,강동구청
2814,L8,813,몽촌토성,Mongchontoseong,梦村土城,モンチョントソン,37.517409,127.112359,몽촌토성(평화의문)
2815,L8,814,잠실,Jamsil,蚕室,チャムシル,37.514692,127.104338,잠실(송파구청)
2816,L8,815,석촌,Seokchon,石村,ソクチョン,37.505557,127.106832,석촌
2817,L8,816,송파,Songpa,松坡,ソンパ,37.499703,127.112183,송파
2818,L8,817,가락시장,Garak Market,可乐市场,カラク・シジャン,37.492888,127.118398,가락시장
2819,L8,818,문정,Munjeong,文井,ムンジョン,37.485855,127.122500,문정
2820,L8,819,장지,Jangji,长旨,チャンジ,37.478703,127.126191,장지
2821,L8,820,복정,Bokjeong,福井,ポクチョン,37.471052,127.126732,복정
2828,L8,821,남위례,Namwirye,南慰礼,ナムィレ,37.462400,127.139770,남위례
2822,L8,822,산성,Sanseong,山城,サンソン,37.457122,127.149908,산성
2823,L8,823,남한산성입구,Namhansanseong,南汉山城,ナムハンサンソンイック,37.451535,127.159816,남한산성입구(성남법원.검찰청)
2824,L8,824,단대오거리,Dandaeogeori,丹垈五岔路口,タンデオゴリ,37.445210,127.156866,단대오거리
2825,L8,825,신흥,Sinheung,新兴,シンフン,37.440918,127.147564,신흥
2826,L8,826,수진,Sujin,寿进,スジン,37.437428,127.140722,수진
2827,L8,827,모란,Moran,牡丹,モラン,37.433824,127.129837,모란
4101,L9,901,개화,Gaehwa,開化,ケファ,37.578608,126.798153,개화
4102,L9,902,김포공항,Gimpo Intl. Airport,金浦机场,キンポゴンハン,37.561916,126.802152,김포공항
4103,L9,903,공항시장,Airport Market,空港市场,コンハンシジャン,37.563726,126.810678,공항시장
4104,L9,904,신방화,Sinbanghwa,新傍花,シンバンファ,37.567532,126.816601,신방화
4105,L9,905,마곡나루,Magongnaru,麻谷渡口,マゴンナル,37.566778,126.827310,마곡나루
4106,L9,906,양천향교,Yangcheon Hyanggyo,阳川乡校,ヤンチョンヒャンギョ,37.568381,126.841333,양천향교
4107,L9,907,가양,Gayang,加阳,カヤン,37.561391,126.854456,가양
4108,L9,908,증미,Jeungmi,曾米,チュンミ,37.557402,126.861939,증미
4109,L9,909,등촌,Deungchon,登村,トゥンチョン,37.550632,126.865689,등촌
4110,L9,910,염창,Yeomchang,盐仓,ヨムチャン,37.546936,126.874916,염창
4111,L9,911,신목동,Sinmokdong,新木洞,シンモクトン,37.544277,126.883080,신목동
4112,L9,912,선유도,Seonyudo,仙游岛,ソニュド,37.538020,126.893525,선유도
4113,L9,913,당산,Dangsan,堂山,タンサン,37.533406,126.902809,당산
4114,L9,914,국회의사당,National Assembly,国会议事堂,ククェウィサダン,37.528105,126.917874,국회의사당
4115,L9,915,여의도,Yeouido,汝矣岛,ヨイド,37.521760,126.924030,여의도
4116,L9,916,샛강,Saetgang,赛江,セッカン,37.517274,126.928422,샛강
4117,L9,917,노량진,Noryangjin,鹭梁津,ノリャンジン,37.513534,126.941005,노량진
4118,L9,918,노들,Nodeul,鹭得,ノドゥル,37.512887,126.953222,노들
4119,L9,919,흑석,Heukseok,黑石,フッソク,37.508770,126.963708,흑석(중앙대입구)
4120,L9,920,동작,Dongjak,铜雀,トンジャク,37.502878,126.978153,동작(현충원)
4121,L9,921,구반포,Gubanpo,旧盘浦,クバンポ,37.501364,126.987332,구반포
4122,L9,922,신반포,Sinbanpo,新盘浦,シンバンポ,37.503415,126.995925,신반포
4123,L9,923,고속터미널,Express Bus Terminal,高速巴士客运站,コソクターミナル,37.505980,127.004403,고속터미널
4124,L9,924,사평,Sapyeong,砂平,サピョン,37.504206,127.015259,사평
4125,L9,925,신논현,Sinnonhyeon,新论岘,シンノンヒョン,37.504598,127.025060,신논현
4126,L9,926,언주,Eonju,彦州,オンジュ,37.507287,127.033868,언주
4127,L9,927,선정릉,Seonjeongneung,宣靖陵,ソンジョンヌン,37.510297,127.043999,선정릉
4128,L9,928,삼성중앙,Samseong Jungang,三成中央,サムソン・チュンアン,37.513011,127.053282,삼성중앙
4129,L9,929,봉은사,Bongeunsa,奉恩寺,ポンウンサ,37.514219,127.060245,봉은사
4130,L9,930,종합운동장,Sports Complex,综合运动场,チョンハブンドンジャン,37.511426,127.076275,종합운동장
4131,L9,931,삼전,Samjeon,三田,サムジョン,37.504738,127.088025,삼전
4132,L9,932,석촌고분,Seokchon Gobun,石村古坟,ソクチョンコブン,37.502558,127.097033,석촌고분
4133,L9,933,석촌,Seokchon(Hansol Hospital),石村,ソクチョン,37.505208,127.107040,석촌
4134,L9,934,송파나루,Songpanaru,松坡渡口,ソンパナル,37.510372,127.112216,송파나루
4135,L9,935,한성백제,Hanseong Baekje,汉城百济,ハンソンベクチェ,37.516404,127.116503,한성백제
4136,L9,936,올림픽공원,Olympic Park,奥林匹克公园,オリンピックゴンウォン,37.516269,127.130288,올림픽공원(한국체대)
4137,L9,937,둔촌오륜,Dunchon Oryun,遁村五轮,トゥンチョノリュン,37.519683,127.137989,둔촌오륜
4138,L9,938,중앙보훈병원,VHS Medical Center,中央报勋医院,チュンアンボフンビョンウォン,37.529191,127.148739,중앙보훈병원
108C,SEOHAE,S07,일산,Ilsan,一山,一山,37.682077,126.769846,일산
107C,SEOHAE,S08,풍산,Pungsan,楓山,楓山,37.672346,126.786243,풍산
106C,SEOHAE,S09,백마,Baengma,白馬,白馬,37.658239,126.794461,백마
105C,SEOHAE,S10,곡산,Goksan,谷山,谷山,37.645676,126.801762,곡산
103C,SEOHAE,S11,대곡,Daegok,大谷,大谷,37.631626,126.811024,대곡
104C,SEOHAE,S12,능곡,Neunggok,陵谷,陵谷,37.618808,126.820783,능곡
1980,SEOHAE,S13,김포공항,Gimpo Int'l Airport,金浦空港,キンポ,37.561700,126.804100,김포공항
1981,SEOHAE,S14,원종,Wonjong,遠宗,ウォンジョン,37.523900,126.804900,원종
1982,SEOHAE,S15,부천종합운동장,Bucheon Stadium,富川綜合運動場,プチョンジョンハブンドンジャン,37.505457,126.797289,부천종합운동장
4804,SEOHAE,S16,소사,Sosa,素砂,ソサ,37.483279,126.795023,소사
4805,SEOHAE,S17,소새울,Sosaeul,素砂屋,ソセウル,37.468467,126.797252,소새울
4806,SEOHAE,S18,시흥대야,Siheung Daeya,始兴大也,シフンデヤ,37.450145,126.793041,시흥대야
4807,SEOHAE,S19,신천,Sincheon,新川,シンチョン(新川),37.439066,126.786788,신천
4808,SEOHAE,S20,신현,Sinhyeon,新岘,シンヒョン,37.409008,126.788017,신현
4809,SEOHAE,S22,시흥시청,Siheung City Hall,始兴市厅,シフンシチョン,37.382223,126.805625,시흥시청
4810,SEOHAE,S23,시흥능곡,Siheung Neunggok,始兴陵谷,シフンヌンゴク,37.369864,126.808573,시흥능곡
4811,SEOHAE,S24,달미,Dalmi,达美,タルミ,37.348847,126.809409,달미
4812,SEOHAE,S25,선부,Seonbu,仙府,ソンブ,37.334353,126.809904,선부
4813,SEOHAE,S26,초지,Choji,草芝,チョジ,37.319619,126.808147,초지
4814,SEOHAE,S27,시우,Siu,元谷,ウォンゴク,37.313200,126.796100,시우
4815,SEOHAE,S28,원시,Wonsi,元时,ウォンシ,37.302371,126.786691,원시
4401,SILLIM,S401,샛강,Saetgang,赛江,セッカン,37.517097,126.929399,샛강
4402,SILLIM,S402,대방,Daebang,大方,テバン,37.513306,126.925726,대방
4403,SILLIM,S403,서울지방병무청,Seoul Regional Office of Military Manpower,首尔地方兵务厅,ソウルジバンビョンムチョン,37.506046,126.922708,서울지방병무청
4404,SILLIM,S404,보라매,Boramae,波拉美,ポラメ,37.500274,126.920435,보라매
4405,SILLIM,S405,보라매공원,Boramae Park,波拉美公园,ポラメゴンウォン,37.495569,126.918083,보라매공원
4406,SILLIM,S406,보라매병원,Boramae MedicalCenter,波拉美医院,ポラメビョンウォン,37.492960,126.923496,보라매병원
4407,SILLIM,S407,당곡,Danggok,堂谷,タンゴク,37.490300,126.927513,당곡
4408,SILLIM,S408,신림,Sillim,新林,シンリム,37.484927,126.929616,신림
4409,SILLIM,S409,서원,Sutgogae,炭岭,スッコゲ,37.478234,126.933037,서원
4410,SILLIM,S410,서울대벤처타운,Seoul National Univ. Venture Town,首尔大学创投城,ソウルデベンチャータウン,37.472002,126.933935,서울대벤처타운
4411,SILLIM,S411,관악산,Gwanaksan,冠岳山,クァナクサン,37.469102,126.945064,관악산(서울대)
4310,SINBUNDANG,D10,청계산입구,Cheonggyesan,淸溪山入口,チョンゲサンイック,37.447211,127.055664,청계산입구
4311,SINBUNDANG,D11,판교,Pangyo,板橋,パンギョ,37.394761,127.112217,판교
4312,SINBUNDANG,D12,정자,Jeongja,亭子,チョンジャ,37.367098,127.108403,정자
4313,SINBUNDANG,D13,미금,Migeum,美金,ミグム,37.349982,127.108918,미금
4314,SINBUNDANG,D14,동천,Dongcheon,東川,トンチョン,37.337928,127.102976,동천
4315,SINBUNDANG,D15,수지구청,Suji-gu office,水枝區廳,スヅグチョン,37.322702,127.095026,수지구청
4316,SINBUNDANG,D16,성복,Seongbok,星福,ソンボク,37.313335,127.080100,성복
4317,SINBUNDANG,D17,상현,Sanghyeon,上峴,サンヒョン,37.297664,127.069342,상현
4318,SINBUNDANG,D18,광교중앙,GwanggyoJungang,光敎中央,クァンギョジュンアン,37.288617,127.051478,광교중앙(아주대)
4319,SINBUNDANG,D19,광교,Gwanggyo,光敎,クァンギョ,37.302110,127.044483,광교(경기대)
4304,SINBUNDANG,D4,신사,Sinsa,新沙,シンサ,37.516334,127.020114,신사
4305,SINBUNDANG,D5,논현,Nonhyeon,论岘,ノンヒョン,37.511093,127.021415,논현
4306,SINBUNDANG,D6,신논현,Sinnonhyeon,江南,カンナム,37.504598,127.025060,신논현
4307,SINBUNDANG,D7,강남,Gangnam,江南,カンナム,37.496837,127.028104,강남
4308,SINBUNDANG,D8,양재,Yangjae,良才,ヤンジェ,37.483809,127.034653,양재(서초구청)
4309,SINBUNDANG,D9,양재시민의숲,Yangjae Citizen's Forest,良才市民之林,ヤンジェ・シミネスプ,37.470023,127.038420,양재시민의숲(매헌)
1845,SUINBUNDANG,K209,청량리,Cheongnyangni,清凉里,チョンニャンニ,37.579956,127.044585,청량리(서울시립대입구)
102C,SUINBUNDANG,K210,왕십리,Wangsimni,往十里,ワンシムニ,37.561238,127.036954,왕십리(성동구청)
1847,SUINBUNDANG,K211,서울숲,Seoul-forest,首尔林,ソウルスプ,37.543617,127.044707,서울숲
1848,SUINBUNDANG,K212,압구정로데오,Apgujeong rodeo,狎鸥亭罗德奥,アックジョンロデオ,37.527381,127.040534,압구정로데오
1849,SUINBUNDANG,K213,강남구청,Gangnam-gu Office,江南区厅,カンナムグチョン,37.517469,127.041151,강남구청
1850,SUINBUNDANG,K214,선정릉,Seonjeongneung,宣靖陵,ソンジョンヌン,37.510735,127.043677,선정릉
1023,SUINBUNDANG,K215,선릉,Seolleung,宣陵,ソンルン,37.504856,127.048807,선릉
1024,SUINBUNDANG,K216,한티,Hanti,汉堤,ハンティ,37.496237,127.052873,한티
1025,SUINBUNDANG,K217,도곡,Dogok,道谷,トゴク,37.491224,127.055186,도곡
1026,SUINBUNDANG,K218,구룡,Guryong,九龙,クリョン,37.486839,127.058856,구룡
1027,SUINBUNDANG,K219,개포동,Gaepo-dong,开浦洞,ケポドン,37.489116,127.066140,개포동
1028,SUINBUNDANG,K220,대모산입구,Daemosan,大母山,テモサンイック,37.491373,127.072720,대모산입구
1030,SUINBUNDANG,K221,수서,Suseo,水西,スソ,37.487472,127.101422,수서
1031,SUINBUNDANG,K222,복정,Bokjeong,福井,ポクチョン,37.470047,127.126660,복정
1851,SUINBUNDANG,K223,가천대,Gachon Univ.,嘉泉大学,カチョンデ,37.448605,127.126697,가천대
1852,SUINBUNDANG,K224,태평,Taepyeong,太平,テピョン,37.440019,127.127709,태평
1853,SUINBUNDANG,K225,모란,Moran,牡丹,モラン,37.432052,127.129104,모란
1854,SUINBUNDANG,K226,야탑,Yatap,野塔,ヤタプ,37.411185,127.128715,야탑
1860,SUINBUNDANG,K227,이매,Imae,二梅,イメ,37.395371,127.128248,이매
1855,SUINBUNDANG,K228,서현,Seohyeon,书岘,ソヒョン,37.385126,127.123592,서현
1856,SUINBUNDANG,K229,수내,Sunae,薮内,スネ,37.378455,127.114322,수내
1857,SUINBUNDANG,K230,정자,Jeongja,亭子,チョンジャ,37.365994,127.108070,정자
1858,SUINBUNDANG,K231,미금,Migeum,美金,ミグム,37.350077,127.108910,미금
1859,SUINBUNDANG,K232,오리,Ori,梧里,オリ,37.339824,127.108942,오리
1862,SUINBUNDANG,K233,죽전,Jukjeon,竹田,チュクチョン,37.324753,127.107395,죽전
1861,SUINBUNDANG,K234,보정,Bojeong,宝亭,ポジョン,37.312752,127.108196,보정
1863,SUINBUNDANG,K235,구성,Guseong,驹城,クソン,37.298969,127.105664,구성
1864,SUINBUNDANG,K236,신갈,Singal,新葛,シンガル,37.286102,127.111313,신갈
1865,SUINBUNDANG,K237,기흥,Giheung,器兴,キフン,37.275061,127.115910,기흥
1866,SUINBUNDANG,K238,상갈,Sanggal,上葛,サンガル,37.261810,127.108847,상갈
1867,SUINBUNDANG,K239,청명,Cheongmyeong,清明,チョンミョン,37.259489,127.078934,청명
1868,SUINBUNDANG,K240,영통,Yeongtong,灵通,ヨントン,37.251568,127.071394,영통
1869,SUINBUNDANG,K241,망포,Mangpo,网浦,マンポ,37.245795,127.057353,망포
1870,SUINBUNDANG,K242,매탄권선,MaetanGwonseon,梅滩,メタン,37.252759,127.040566,매탄권선
1871,SUINBUNDANG,K243,수원시청,Suwon City Hall,水原市厅,スウォンシチョン,37.261911,127.030736,수원시청
1872,SUINBUNDANG,K244,매교,Maegyo,梅桥,メギョ,37.265481,127.015678,매교
1846,SUINBUNDANG,K245,수원,Suwon,水原,スウォン,37.265917,126.999422,수원
1873,SUINBUNDANG,K246,고색,Gosaek,古索,ゴセク,37.249630,126.980248,고색
1874,SUINBUNDANG,K247,오목천,Omokcheon,梧木川,オモックチョン,37.243040,126.963676,오목천
1875,SUINBUNDANG,K248,어천,Eocheon,漁川,オチョン,37.250102,126.908790,어천
1876,SUINBUNDANG,K249,야목,Yamok,野牧,ヤモク,37.264179,126.879483,야목
1877,SUINBUNDANG,K250,사리,Sari,四里,サリ,37.289980,126.856850,사리
1830,SUINBUNDANG,K251,한대앞,Hanyang Univ. at Ansan,汉阳大学,ハンデアプ,37.309689,126.853440,한대앞
1831,SUINBUNDANG,K252,중앙,Jungang,中央,チュンアン,37.315941,126.838573,중앙
1832,SUINBUNDANG,K253,고잔,Gojan,古栈,コジャン,37.316784,126.823144,고잔
1833,SUINBUNDANG,K254,초지,Choji,草芝,チョジ,37.320646,126.805913,초지
1834,SUINBUNDANG,K255,안산,Ansan,安山,アンサン,37.327082,126.788532,안산
1835,SUINBUNDANG,K256,신길온천,Neunggil,新吉温泉,シンギル・オンチョン,37.338212,126.765844,신길온천
1836,SUINBUNDANG,K257,정왕,Jeongwang,正往,チョンワン,37.351735,126.742989,정왕
1800,SUINBUNDANG,K258,오이도,Oido,乌耳岛,オイド,37.362357,126.738714,오이도
1878,SUINBUNDANG,K259,달월,Dalwol,達月,タロル,37.379681,126.745177,달월
1879,SUINBUNDANG,K260,월곶,Wolgot,月串,ウォルゴッ,37.391769,126.742699,월곶
1880,SUINBUNDANG,K261,소래포구,Soraepogu,苏莱浦口,ソレポグ,37.400950,126.733522,소래포구
1881,SUINBUNDANG,K262,인천논현,Incheon Nonhyeon,仁川论岘,インチョンノンヒョン,37.400614,126.722478,인천논현
1882,SUINBUNDANG,K263,호구포,Hogupo,虎口浦,ホグポ,37.401637,126.708627,호구포
1883,SUINBUNDANG,K264,남동인더스파크,Namdong Induspark,南洞产业园地,ナムドン・インドスパーク,37.407722,126.695216,남동인더스파크
1884,SUINBUNDANG,K265,원인재,Woninjae,源仁斋,ウォニンジェ,37.413049,126.686648,원인재
1885,SUINBUNDANG,K266,연수,Yeonsu,延寿,ヨンス,37.417804,126.678940,연수
1886,SUINBUNDANG,K267,송도,Songdo,松岛,ソンド,37.428514,126.657772,송도
1888,SUINBUNDANG,K269,인하대,Inha Univ.,仁荷大学,インハデ,37.448493,126.649619,인하대
1889,SUINBUNDANG,K270,숭의,Sungui,仁荷大学,スンイ,37.460789,126.638297,숭의
1890,SUINBUNDANG,K271,신포,Sinpo,新浦,シンポ,37.468740,126.623853,신포
1891,SUINBUNDANG,K272,인천,Incheon,仁川,インチョン,37.476403,126.617326,인천
4601,UIJEONGBU,U110,발곡,Balgok,鉢谷,バルゴク,37.727048,127.052803,발곡
4602,UIJEONGBU,U111,회룡,Hoeryong,回龍,フェリョン,37.725006,127.047073,회룡
4603,UIJEONGBU,U112,범골,Beomgol,虎谷,ポムゴル,37.728755,127.043530,범골
4604,UIJEONGBU,U113,경전철의정부,Lrt Uijeongbu,輕電鐵議政府,キョンジョンチョルウィジョンブ,37.737202,127.043257,경전철의정부
4605,UIJEONGBU,U114,의정부시청,Uijeongbu City Hall,議政府市廳,ウィジョンブシチョン,37.739256,127.034781,의정부시청
4606,UIJEONGBU,U115,흥선,Heungseon,興宣,ホンソン,37.743302,127.037023,흥선
4607,UIJEONGBU,U117,의정부중앙,Uijeongbu Jung-ang,議政府中央,ウィジョンブチュンアン,37.743676,127.049565,의정부중앙
4608,UIJEONGBU,U118,동오,Dong-o,東梧,トンオ,37.745271,127.056947,동오
4609,UIJEONGBU,U119,새말,sae-mal,赛马,セマル,37.748885,127.063620,새말
4610,UIJEONGBU,U120,경기도청북부청사,Gyeonggi Provincial Government Northern Office,京畿道廳北部廳舍,キョンギドチョンプップチョンサ,37.750590,127.071495,경기도청북부청사
4611,UIJEONGBU,U121,효자,hyoja,孝子,ヒョジャ,37.754025,127.076902,효자
4612,UIJEONGBU,U122,곤제,gonjae,昆弟,コンジェ,37.750471,127.083715,곤제
4613,UIJEONGBU,U123,어룡,eoryong,魚龍,オリョン,37.742802,127.085035,어룡
4614,UIJEONGBU,U124,송산,Songsan,松山,ソンサン,37.737279,127.087159,송산
4615,UIJEONGBU,U125,탑석,Tapseok,塔石,タプソク,37.733579,127.088704,탑석
4701,UISINSEOL,941,북한산우이,Bukhansan Ui,北漢山牛耳,プカンサンウイ,37.662909,127.012706,북한산우이
4702,UISINSEOL,942,솔밭공원,Solbat Park,松林公園,ソルバッコンウォン,37.656030,127.013273,솔밭공원
4703,UISINSEOL,943,4·19민주묘지,April 19th National Cemetery,四一九民主墓地,サ.イルグミンジュミョジ,37.649502,127.013684,4.19민주묘지
4704,UISINSEOL,944,가오리,Gaori,加五里,カオリ,37.641537,127.016789,가오리
4705,UISINSEOL,945,화계,Hwagye,華溪,ファゲ,37.634133,127.017511,화계
4706,UISINSEOL,946,삼양,Samyang,三陽,サミャン,37.626914,127.018106,삼양
4707,UISINSEOL,947,삼양사거리,Samyang Sageori,三阳十字路口,サミャンサゴリ,37.621337,127.020473,삼양사거리
4708,UISINSEOL,948,솔샘,Solsaem,松泉,ソルセム,37.620238,127.013626,솔샘
4709,UISINSEOL,949,북한산보국문,Bukhansan Bogungmun,北漢山輔國門,プカンサンボグンムン,37.612072,127.008251,북한산보국문
4710,UISINSEOL,950,정릉,Jeongneung,貞陵,チョンヌン,37.603133,127.013396,정릉
4711,UISINSEOL,951,성신여대입구,Sungshin Women's Univ.,誠信女大入口,誠信女大入口,37.592467,127.016516,성신여대입구(돈암)
4712,UISINSEOL,952,보문,Bomun,普門,ポムン,37.585286,127.019381,보문
4713,UISINSEOL,953,신설동,Sinseoldong,新設洞,シンソルトン,37.576095,127.023242,신설동
